symbol,price,rs_raw,pct_off_high,adv50,vol_pct_chg,price_day_chg,ad_raw,history_days,rs_rating,ad_rating,name,sector,industry,market_cap,last_sale,country,ipo_year,industry_rank,group_grade,eps_q0_growth,eps_q1_growth,eps_annual_growth,eps_stability,sales_growth,eps_source,eps_rating,eps_rs_sum
DK,63.20000076293945,10.033060176618132,-5.938385970362658,1176839.56,-29.40601011067303,-2.439021374082484,0.010748572980797785,721,97,A-,Delek US Holdings Inc. Common Stock,Energy,Integrated oil Companies,3873372654.0,63.2,United States,2017,1,A+,999.0,999.0,999.0,999.0,0.4239373178394338,reported,96,193
MPC,309.239990234375,8.073454087674921,-3.2899734832260163,2347223.3,-27.681997703414062,-0.9703137944403029,0.004445456033397595,721,94,B-,Marathon Petroleum Corporation Common Stock,Energy,Integrated oil Companies,90278485007.0,309.24,United States,,1,A+,999.0,428.57142857142856,999.0,999.0,8.512866072278454,reported,95,189
PSX,206.77000427246094,7.409997473468931,-2.591039661421224,2582250.9,-35.55835337302041,-0.10145495188557119,0.004944206574418024,721,91,B,Phillips 66 Common Stock,Energy,Integrated oil Companies,82901334085.0,206.77,United States,,1,A+,999.0,999.0,999.0,999.0,6.933946763062767,reported,96,187
VLO,302.5,8.290079755960743,-3.907238967575166,3029659.1,-27.491677198929743,-0.9041504544745615,0.005212424227167813,721,94,B,Valero Energy Corporation Common Stock,Energy,Integrated oil Companies,89822166555.0,302.5,United States,,1,A+,374.15730337078645,496.8749999999999,999.0,0.6956442246154815,7.016326260823584,reported,98,192
ARW,212.27000427246094,7.378240383536007,-9.606948593742393,633466.08,-48.55225713111584,-1.3202530472002372,0.0009759064201134985,721,91,C-,Arrow Electronics Inc. Common Stock,Technology,Electronic Components,10854202717.0,212.27,United States,,4,A+,190.0,47.81144781144779,8.342411503229808,0.31808287496928783,39.030295932634154,reported,88,179
AVT,89.41999816894531,7.4672658358064545,-3.777038765418983,1308094.64,-47.1114719956348,-0.5560498333869845,0.002397740152585592,721,91,C+,Avnet Inc. Common Stock,Technology,Electronic Components,7334593323.0,89.42,United States,,4,A+,76.1904761904762,20.689655172413797,13.491846361759642,0.23851752915996446,33.94567092778881,reported,87,178
BAP,388.4200134277344,7.028014753583948,-3.091236298078648,490050.34,-73.95838966258039,0.20380479709269927,0.005429603027207718,721,88,B,Credicorp Ltd. Common Stock,Finance,Commercial Banks,36659979569.0,388.42,Peru,,7,A+,25.247524752475254,56.46437994722954,53.47881826097422,0.18220693451903702,11.099374097925075,reported,94,182
PGC,46.380001068115234,7.256906523221645,-4.0347624437424905,182046.94,-6.317019116058753,1.532400959419733,3.434586218223543e-05,721,90,D+,Peapack-Gladstone Financial Corporation Common Stock,Finance,Commercial Banks,821778372.0,46.38,United States,,7,A+,86.04651162790698,41.99999999999999,2.89698371135505,0.23438360280493303,28.424216401889225,reported,85,175
RY,209.08999633789062,6.6555330098150005,-4.029925632749154,1580536.2,91.46097381382343,0.30221126534268894,0.0008891035632168958,721,85,C-,Royal Bank Of Canada Common Stock,Finance,Commercial Banks,290588532939.0,209.09,Canada,,7,A+,24.999999999999993,12.707182320441987,9.442924858406831,0.05327259790467023,11.32473173224323,reported,85,170
ASC,16.610000610351562,6.679905223893908,-13.57148450421497,657612.34,-49.815874805512316,0.18094503488272906,0.00041613476926665805,721,85,D+,Ardmore Shipping Corporation Common Stock,Consumer Discretionary,Marine Transportation,677731419.0,16.61,,2013,8,A+,314.2857142857142,12.00000000000001,999.0,0.5155604818460765,18.811827666360344,reported,92,177
DHT,18.450000762939453,7.018765960166181,-7.565122198366558,3272801.3,-57.12037269112549,0.21727819586574437,0.0009891973110254945,721,88,C-,DHT Holdings Inc.,Consumer Discretionary,Marine Transportation,2971218203.0,18.45,Jersey,2005,8,A+,277.77777777777777,,52.41341375947244,,57.265505085431876,diluted,95,183
ECO,57.880001068115234,8.629785397316244,0.0,491477.58,-19.695421304874174,0.7309467287410332,0.0013046778109452627,721,95,C-,Okeanis Eco Tankers Corp. Common Stock,Consumer Discretionary,Marine Transportation,2259904631.0,57.88,,,8,A+,497.43589743589746,334.1463414634147,54.31154503608444,0.5667009888310601,112.3144119056663,reported,97,192
FRO,39.290000915527344,8.113351965857488,-8.372201639839382,2993129.48,-61.90027836684165,1.1325674612300052,0.0009854635113743923,721,94,C-,Frontline Plc Ordinary Shares,Consumer Discretionary,Marine Transportation,8746853309.0,39.29,Bermuda,,8,A+,1573.3333333333333,,-8.373967292582096,,66.93123548026718,diluted,88,182
GNK,26.770000457763672,7.2489338403095305,0.0,341095.98,-32.218784871050076,3.961166826266682,0.0036064364399480448,721,90,B-,Genco Shipping & Trading Limited Ordinary Shares New (Marshall Islands),Consumer Discretionary,Marine Transportation,1166557655.0,26.77,United States,,8,A+,999.0,34.482758620689665,999.0,999.0,60.55928945263719,reported,91,181
HSHP,16.1200008392334,8.984090760504921,0.0,309548.32,-3.6609211770233463,0.9392646818815464,0.0024567673182550403,721,96,C+,Himalaya Shipping Ltd. Common Shares,Consumer Discretionary,Marine Transportation,753610000.0,16.12,,2023,8,A+,999.0,,999.0,,52.72727272727272,diluted,99,195
INSW,92.27999877929688,9.161685158886234,0.0,571191.26,-14.641025844828226,1.0180627484512206,0.002693101935641247,721,96,C+,International Seaways Inc. Common Stock,Consumer Discretionary,Marine Transportation,4568293347.0,92.28,United States,2016,8,A+,387.49999999999994,172.22222222222226,29.603501414552326,0.49001243763692764,77.4736359968156,reported,96,192
LPG,45.31999969482422,7.744000532045327,-5.0293408727694615,752994.72,-22.38511313864192,-0.6358274756556925,0.004232140177730149,721,92,B-,Dorian LPG Ltd. Common Stock,Consumer Discretionary,Marine Transportation,1938911103.0,45.32,United States,2014,8,A+,656.0,158.13953488372096,21.356556814156626,0.7666322418350875,101.9691579089891,reported,94,186
SHIP,16.18000030517578,8.588602875354402,-1.6078792753785431,227707.78,2.143633388371713,-1.1606629463466467,0.005221100467912145,721,95,B,Seanergy Maritime Holdings Corp. Common Stock,Consumer Discretionary,Marine Transportation,350591444.0,16.18,Greece,,8,A+,999.0,,1.706813252715933,,77.03461951582253,diluted,89,184
FNRN,18.299999237060547,7.047031208385987,-1.7185906968306353,213291.6,-23.35375607853286,1.9498521406401181,0.00032228055859732257,721,88,D+,First Northern Community Bancorp Common stock,Finance,Savings Institutions,300248210.0,18.3,United States,,10,A+,72.56503544773436,,13.369638718613208,,9.488750147249382,diluted,85,173
ACNB,62.099998474121094,6.7289403392525955,-1.2090393395658205,67906.46,122.39857592340991,-1.2090393395658205,0.006991246495464607,721,86,B+,ACNB Corporation Common Stock,Finance,Major Banks,634167932.0,62.1,United States,,12,A,65.82278481012658,56.976744186046524,16.824480241400884,0.19702907695321578,19.00857793079302,reported,93,179
ALRS,32.70000076293945,7.002289213349673,0.0,226925.28,-10.118431934952332,1.6475058258031527,0.006272081741964964,721,88,B+,Alerus Financial Corporation Common Stock,Finance,Major Banks,821706724.0,32.7,United States,2019,12,A,71.15384615384615,93.18181818181817,0.3236313636032273,0.2520589480078436,9.957071484037332,reported,86,174
BNY,158.91000366210938,6.8196325645267555,-2.118880389331723,4018546.98,-58.207555906189754,-0.7494828203533199,0.0033924834964559575,721,87,B-,The Bank of New York Mellon Corporation Common Stock,Finance,Major Banks,109072494041.0,158.91,United States,,12,A,26.804123711340207,42.405063291139236,16.33874037023062,0.0469950123888539,13.846810326434818,reported,94,181
BPOP,171.72999572753906,6.689398365646522,-1.2421666971596745,538160.64,-14.870771671447402,0.4974197216985443,0.0025689389907409847,721,85,C+,Popular Inc. Common Stock,Finance,Major Banks,11083060767.0,171.73,United States,,12,A,40.776699029126206,47.656249999999986,8.226754205002518,0.064126092128058,10.674323530269755,reported,93,178
BWFG,62.209999084472656,6.915475171046914,0.0,72795.32,-14.464281495019193,2.707610034524355,0.006400203096185053,721,87,B+,Bankwell Financial Group Inc. Common Stock,Finance,Major Banks,496011528.0,62.21,United States,2014,12,A,32.17391304347827,62.06896551724137,18.914346296639817,0.6884879087299374,28.24657418013661,reported,85,172
TRGP,281.3299865722656,7.47523865921145,-1.4881995237171597,1215526.98,-30.24021564704389,-1.4881995237171597,0.001214511467109849,721,91,C-,Targa Resources Inc. Common Stock,Utilities,Natural Gas Distribution,60385769231.0,281.33,United States,2010,12,A,46.03174603174603,47.802197802197796,61.1176469021258,0.07639346282310783,-10.233475830318973,reported,98,189
UVSP,44.099998474121094,6.6140262196482205,-2.4552104243080852,225880.46,61.467264587649595,-0.18108155387521752,0.0031409569472600845,721,85,C+,Univest Financial Corporation Common Stock,Finance,Major Banks,1227999868.0,44.1,United States,,12,A,34.24657534246575,21.53846153846154,4.067191902758016,0.07270571492112188,10.426031617758474,reported,86,171
AMD,521.9500122070312,10.958769563509186,-10.149586624988217,30037791.92,-9.822612553739274,-3.2870703837618365,0.005833128313201604,721,98,B,Advanced Micro Devices Inc. Common Stock,Technology,Semiconductors,851092003526.0,521.95,United States,,15,A,42.70833333333335,40.36697247706421,22.95199352590913,0.25402358308313217,37.84619521376714,reported,91,189
PARR,77.38999938964844,9.152250370315356,-3.743783680478685,976342.96,-12.382427584667576,-0.2834701958162045,0.006918969246699492,721,96,B+,Par Pacific Holdings Inc.  Common Stock,Energy,Oil & Gas Production,3880665597.0,77.39,United States,,17,A,999.0,,5.601433675539913,,4.510737887355906,diluted,91,187
VIST,69.5,6.875446550344321,-12.302839116719245,935247.38,36.9123322216631,0.6371306935435861,0.0035651279914839726,721,87,B-,Vista Energy S.A.B. de C.V. American Depositary Shares each representing one series A share with no par value,Energy,Oil & Gas Production,7248829359.0,69.5,Mexico,2019,17,A,0.19317450096587985,78.93617021276596,999.0,0.5461662925347247,97.28593062929917,reported,88,175
DVA,235.44000244140625,8.583394143435822,-0.775453619081512,790365.28,-44.47326937235907,0.4994229511280368,0.005652006297348374,721,95,B,DaVita Inc. Common Stock,Health Care,Misc Health and Biotechnology Services,15115248000.0,235.44,United States,,21,A-,43.50000000000001,51.78571428571427,9.328053278557945,0.1439598046078488,5.9567945565248515,reported,91,186
CHEF,94.86000061035156,7.454247457390437,-7.327080847283163,510927.38,-23.713424792384387,0.40219860279047115,0.008764175385760306,721,91,A-,The Chefs' Warehouse Inc. Common Stock,Consumer Discretionary,Food Distributors,3868165887.0,94.86,United States,2011,23,A-,60.00000000000001,23.636363636363637,999.0,0.34627169432867566,11.387034208854502,reported,94,185
MYE,31.440000534057617,8.532122422437137,-10.960069919908644,435008.7,-36.29207875612603,1.5503923248683105,0.012210540341689481,721,95,A-,Myers Industries Inc. Common Stock,Industrials,Plastic Products,1180802204.0,31.44,United States,1983,23,A-,100.0,63.1578947368421,8.94695487524264,0.2536514498818306,1.8018519549444227,reported,90,185
HG,36.15999984741211,7.008088711119864,0.0,493271.64,-31.988386763933963,3.6697211585436484,0.005421558095684972,676,88,B,Hamilton Insurance Group Ltd. Class B Common Shares,Finance,Property-Casualty Insurers,3604528999.0,36.16,Bermuda,2023,26,A-,70.12987012987013,,999.0,,-1.0705523277381657,diluted,94,182
PLGO,25.579999923706055,6.863554689079212,0.0,439395.74,-18.231569564147343,1.8717614573085184,0.005629992922463838,721,87,B,Pelagos Insurance Capital Limited Common Shares,Finance,Property-Casualty Insurers,2212162109.0,25.58,Bermuda,2023,26,A-,999.0,,100.95695236954528,,-6.921786857752705,diluted,98,185
TRV,387.260009765625,6.873089854420225,0.0,1928844.1,9.423306943262034,2.89343326772018,0.013038067719146907,721,87,A-,The Travelers Companies Inc. Common Stock,Finance,Property-Casualty Insurers,80772763020.0,387.26,United States,,26,A-,357.64705882352945,,32.58155699339016,,0.9652836579170194,diluted,94,181
UVE,41.61000061035156,6.976221494904866,-3.255051768929562,205379.44,49.806621344376055,10.42993703117341,0.005269855039777647,721,88,B,UNIVERSAL INSURANCE HOLDINGS INC Common Stock,Finance,Property-Casualty Insurers,1161381620.0,41.61,United States,,26,A-,38.88888888888889,768.0,999.0,999.0,-0.3297312766070601,reported,90,178
VCYT,56.61000061035156,8.614284488844445,-6.41428494040931,1263912.18,-53.35838918808425,-2.194195636363394,0.008547343966577643,721,95,B+,Veracyte Inc. Common Stock,Health Care,Medical Specialities,4517061747.0,56.61,United States,2013,26,A-,67.74193548387098,47.222222222222236,999.0,999.0,21.488036480218042,reported,87,182
LTH,42.33000183105469,7.652704971055263,-1.1904722682462343,2752719.66,-60.86477618283877,0.9539745360543916,0.008631625523437658,721,92,B+,Life Time Group Holdings Inc. Common Stock,Consumer Discretionary,Hotels/Resorts,9422773900.0,42.33,United States,2021,29,A-,7.6923076923076845,25.925925925925924,999.0,0.16968688284499284,11.70739376325171,reported,91,183
XHR,21.489999771118164,7.443134469505682,0.0,821136.0,-54.7821554529335,2.1873469779045918,0.004647967821431899,721,91,B,Xenia Hotels & Resorts Inc. Common Stock,Consumer Discretionary,Hotels/Resorts,1982362994.0,21.49,United States,2015,29,A-,75.00000000000001,66.66666666666669,999.0,999.0,2.2431271566866373,reported,89,180
FTI,76.75,7.9488498278719915,-0.24383290370786348,4958528.06,-58.95751772754917,0.960278070467635,0.0013135955779117509,721,93,C-,TechnipFMC plc Ordinary Share,Consumer Discretionary,Oil and Gas Field Machinery,30600370595.0,76.75,,,30,B+,93.93939393939394,29.629629629629612,63.25501356637986,0.33253761856703035,11.600107449856733,reported,93,186
DGII,66.94999694824219,7.620098545195356,-10.673782956288203,395886.9,-37.19292050330537,1.7477110078244262,0.0018978914286081243,721,92,C,Digi International Inc. Common Stock,Telecommunications,Computer Communications Equipment,2524162223.0,66.95,United States,1989,31,B+,21.56862745098039,12.00000000000001,14.7688952422542,0.041883885320017314,25.109327004966364,reported,87,179
ATI,197.8000030517578,8.622758729842282,-3.0819704047224006,1690700.2,-25.752064144784505,-1.0208133124079866,0.0041309389672153085,721,95,B-,ATI Inc. Common Stock,Industrials,Steel/Iron Ore,26993850461.0,197.8,United States,,37,B+,38.88888888888889,17.72151898734177,999.0,0.10302626408478688,0.6204124432016778,reported,97,192
CRS,603.6900024414062,9.27394548728775,-2.512716602114451,723535.06,-65.32953081776023,0.35742003733703065,0.0048796908867219085,721,96,B,Carpenter Technology Corporation Common Stock,Industrials,Steel/Iron Ore,29994707108.0,603.69,United States,,37,B+,47.3404255319149,40.361445783132545,999.0,0.12987924813129506,11.623108665749655,reported,98,194
MT,66.87999725341797,7.230911198395413,-6.65736799843345,1969451.24,-42.371662880061955,1.149416931739644,0.004324154910592732,721,90,B-,Arcelor Mittal NY Registry Shares NEW,Industrials,Steel/Iron Ore,50904094775.0,66.88,Luxembourg,,37,B+,-27.884615384615387,65.38461538461537,999.0,0.3037020549924461,4.453304500608191,reported,86,176
NUE,247.55999755859375,7.22042817295014,-6.82636573774964,1542511.82,-29.725595230771074,2.658098206239612,-0.0012316548565910349,721,90,D,Nucor Corporation Common Stock,Industrials,Steel/Iron Ore,56379549582.0,247.56,United States,,37,B+,319.4805194805195,41.80327868852459,9.448665895132047,0.48126634528929,21.27713920817369,reported,87,177
NWPX,129.30999755859375,10.40917731038401,-13.758839900562435,186658.2,-11.383480607870434,-2.5986721083093633,0.002085809288812378,721,97,C,NWPX Infrastructure Inc. Common Stock,Industrials,Steel/Iron Ore,1246161504.0,129.31,United States,1995,37,B+,176.92307692307693,20.779220779220783,16.311703709078373,0.2935488222830897,19.06644275072127,reported,88,185
STLD,247.11000061035156,7.123253726420096,-12.409668047449552,1240514.36,-30.656344840699788,2.7185405857010236,-0.00345701457450298,721,89,E+,Steel Dynamics Inc.,Industrials,Steel/Iron Ore,35636420313.0,247.11,United States,1996,37,B+,93.05555555555554,33.8235294117647,18.214654570458322,0.29944772674286635,19.12624636803805,reported,90,179
BTSG,72.91000366210938,10.614348961207074,0.0,3946665.26,-37.37338139490451,4.395772458758218,0.0033125353413824407,625,98,C+,BrightSpring Health Services Inc. Common Stock,Health Care,Medical/Nursing Services,14384040382.0,72.91,United States,2024,39,B,105.26315789473684,50.000000000000014,99.51673957339646,0.1608207729462772,25.557992709847266,reported,98,196
CBL,57.56999969482422,8.471057712398629,0.0,299838.24,-31.292286134016788,2.840300402982776,0.007269461246702736,721,95,B+,CBL & Associates Properties Inc. Common Stock,Real Estate,Real Estate Investment Trusts,1781489718.0,57.57,United States,2021,39,B,448.1481481481481,,999.0,,2.962586761469443,diluted,98,193
CXW,31.350000381469727,7.983782935646269,-2.5792415035265193,1259956.28,-64.06907071410446,-0.9478648994513894,0.008358304778699815,721,93,B+,CoreCivic Inc. Common Stock,Real Estate,Real Estate Investment Trusts,3100153221.0,31.35,United States,,39,B,73.91304347826087,68.75000000000001,24.77020427363692,0.21504077609887615,25.8074154723337,reported,95,188
FTNT,152.3699951171875,8.892792254726254,-8.667509773518155,5992332.1,-53.78084936247107,0.5477114080950862,0.006080413527128571,721,96,B,Fortinet Inc. Common Stock,Technology,Computer peripheral equipment,111633635337.0,152.37,United States,2009,39,B,41.37931034482759,9.459459459459469,33.493964025978684,0.09706443405317312,20.12729752549198,reported,91,187
GRC,81.7300033569336,7.624892601975693,-10.911265249537506,176743.22,76.44863548372605,2.650088592771538,-0.0011389292529259691,721,92,D,Gorman-Rupp Company (The) Common Stock,Industrials,Fluid Controls,2158509160.0,81.73,United States,1971,39,B,47.82608695652174,30.95238095238097,15.566670724808262,0.1460260427462116,7.712811379217801,reported,91,183
INNV,11.5600004196167,10.081021035468998,-4.541694902173566,371345.46,-55.655038841729755,3.306531305702909,0.013382423716566635,721,97,A-,InnovAge Holding Corp. Common Stock,Health Care,Medical/Nursing Services,1569112703.0,11.56,United States,2021,39,B,750.0000000000001,999.0,12.344416690101156,999.0,15.494952828891273,reported,85,182
LFST,10.899999618530273,9.246556795412747,-5.872196111018235,3517649.86,-56.806587907529824,0.832554999260271,0.008496082401242196,721,96,B+,LifeStance Health Group Inc. Common Stock,Health Care,Medical/Nursing Services,4227395309.0,10.9,United States,2021,39,B,40.00000000000001,349.99999999999994,999.0,999.0,21.174880619875662,reported,89,185
OUT,32.029998779296875,7.133892238388897,-5.264722039911818,1816557.18,-60.267752210255225,0.4390071882343305,0.004436841721708972,721,89,B-,OUTFRONT Media Inc. Common Stock,Real Estate,Real Estate Investment Trusts,5639314225.0,32.03,United States,2014,39,B,999.0,33.33333333333333,999.0,999.0,9.956488354235987,reported,91,180
PANW,323.7900085449219,8.650632512133807,-9.727329330687596,8271735.16,-38.058244118154285,-0.5650573688849136,0.008427071934684954,721,95,B+,Palo Alto Networks Inc. Common Stock,Technology,Computer peripheral equipment,263888850000.0,323.79,United States,,39,B,6.249999999999992,27.160493827160487,30.068848134077864,0.06795719112196268,31.148973350808213,reported,90,185
PNTG,41.15999984741211,7.538081066468385,-1.8831964270791257,295124.42,-43.779305013119554,3.391103811985352,0.007267989395169671,721,91,B+,The Pennant Group Inc. Common Stock,Health Care,Medical/Nursing Services,1431032646.0,41.16,United States,,39,B,18.518518518518512,41.66666666666668,11.933842930847227,0.05250341039070461,35.98993528464273,reported,92,183
PSTL,24.0,6.992676358264459,-3.923136750180234,342090.9,-58.828194494504245,0.9676042818973052,0.0022755452767940854,721,88,C,Postal Realty Trust Inc. Class A Common Stock,Real Estate,Real Estate Investment Trusts,662972592.0,24.0,United States,2019,39,B,83.33333333333334,100.0,999.0,0.5400923519862342,20.306997742663658,reported,97,185
WELL,252.07000732421875,6.862830896293056,0.0,3568910.3,-24.200532582732603,2.0319790368143575,0.004469802442409078,721,87,B-,Welltower Inc. Common Stock,Real Estate,Real Estate Investment Trusts,177939855412.0,252.07,United States,,39,B,154.99999999999997,,66.71109926452392,,38.395712611682136,diluted,94,181
ACA,145.0,6.786781732964216,-0.22699735624726047,709979.42,-30.46685775765162,-0.07580498235054689,0.009524062535166602,721,86,A-,Arcosa Inc. Common Stock,Industrials,Metal Fabrications,7118972780.0,145.0,United States,2018,46,B,65.30612244897961,149.99999999999997,18.0423496098882,0.3166445754324517,4.401022644265887,reported,93,179
HLIO,79.83000183105469,7.118580476078411,-13.92160453395157,376164.2,-60.54648475320086,0.0626761751352456,-0.000673698216641844,721,89,D,Helios Technologies Inc. Common Stock,Industrials,Metal Fabrications,2638090759.0,79.83,United States,2021,46,B,81.81818181818183,145.45454545454547,1.8062212537795164,0.2743134822988026,16.828644501278774,reported,87,176
HWM,289.260009765625,6.705929948473411,0.0,2752299.34,-38.62342749390042,0.7558652183687897,0.0011220643781665043,721,86,C-,Howmet Aerospace Inc. Common Stock,Industrials,Metal Fabrications,115735090533.0,289.26,United States,,46,B,41.860465116279066,41.891891891891895,48.08272976235115,0.03178601108259167,19.10401647785788,reported,98,184
NPO,333.8800048828125,6.77841837142567,-13.870757090229768,265361.46,-3.0857759073227964,-0.9111165493392082,1.2139966539861434e-05,721,86,D+,Enpro Inc. Common Stock,Industrials,Metal Fabrications,7053770576.0,333.88,United States,,46,B,12.631578947368432,26.751592356687894,16.36405559926071,0.12684392357824192,10.907759882869692,reported,85,171
TXG,46.27000045776367,13.263764241143006,-3.7245128264230987,3250776.88,-17.81521468185168,-3.7245128264230987,0.013116515984550959,721,99,A-,10x Genomics Inc. Class A Common Stock,Industrials,Biotechnology: Laboratory Analytical Instruments,5874262865.0,46.27,United States,2019,48,B,999.0,999.0,999.0,999.0,-2.6084205497052615,reported,96,195
DELL,437.5,14.320404601225691,-5.952666165815634,9281254.36,-54.55120788220699,-0.41880920317473036,0.009763230664313288,721,99,A-,Dell Technologies Inc. Class C Common Stock,Technology,Computer Manufacturing,283547246063.0,437.5,United States,2018,59,C+,213.5483870967742,45.14925373134328,9.24240097757516,0.2456026314663182,87.53528958850201,reported,91,190
GEO,30.920000076293945,8.08755782983858,-1.3401406325751486,1961051.52,-37.61632534773997,-0.48277959447570185,0.0075820676871438085,721,94,B+,Geo Group Inc (The) REIT,Consumer Discretionary,Homebuilding,4131477341.0,30.92,United States,,63,C+,107.14285714285711,92.3076923076923,-5.497496201950414,0.2437451025763157,16.632183736957266,reported,85,179
ABX,10.380000114440918,7.297247138926446,-13.499999046325684,625818.4,-4.282136798790193,3.2835812680907406,0.006200200703904775,721,90,B+,Abacus Global Management Inc. Class A Common Stock,Finance,Investment Managers,995674169.0,10.38,United States,,68,C,11.111111111111121,43.75000000000001,18.05555555555558,0.0894481815901946,34.55180781337358,reported,90,180
AMG,358.2900085449219,6.81216297721359,-5.611314312405813,319022.08,-49.62605723089762,3.024993490981309,-0.0025737114894775538,721,87,D-,Affiliated Managers Group Inc. Common Stock,Finance,Investment Managers,9463185935.0,358.29,United States,,68,C,58.269230769230774,45.17611026033691,15.011982025723402,0.17198146657205662,9.72613773660894,reported,92,179
VCTR,97.19999694824219,7.004016309412904,-3.3605138410018442,508969.84,-19.26987265100031,0.7358266143554948,0.005909872253583901,721,88,B,Victory Capital Holdings Inc. Class A Common Stock,Finance,Investment Managers,6078023503.0,97.2,United States,2018,68,C,33.8235294117647,22.758620689655178,10.702421555661324,0.054994450175857315,76.67826340379413,reported,91,179
CASY,861.6300048828125,6.804883324183233,-5.964336520135582,566587.18,-56.44818507894938,-1.5561262630319872,0.004112854420549751,721,86,B-,Casey's General Stores Inc. Common Stock,Consumer Discretionary,Retail-Auto Dealers and Gas Stations,31884544050.0,861.63,United States,1983,71,C,66.1596958174905,49.785407725321896,17.929713574900518,0.32733126993237777,14.501780473547358,reported,90,176
ASML,1757.0899658203125,7.941328567957678,-11.679165113257916,1960481.1,-33.02893866204576,-2.546313598429706,0.002378040300294908,721,93,C+,ASML Holding N.V. New York Registry Shares,Technology,Industrial Machinery/Components,677213524995.0,1757.09,Netherlands,1995,77,C-,28.474576271186436,19.166666666666675,19.14270746800517,0.16658338077387164,13.245495059097074,reported,86,179
GEV,1014.75,6.655448132332495,-13.628005664321908,2913591.6,-26.39737154651325,-1.5942689844152813,-0.0027510888226326986,583,85,D-,GE Vernova Inc. Common Stock,Industrials,Industrial Machinery/Components,270262001320.0,1014.75,United States,2024,77,C-,1816.4835164835165,673.9884393063585,329.02165064296264,999.0,16.25996015936255,reported,94,179
KEYS,318.6700134277344,7.117729805110288,-14.643484075217405,1675709.06,-43.1074866898434,-1.9868948906781259,-0.005494169325118358,721,89,E+,Keysight Technologies Inc. Common Stock,Industrials,Industrial Machinery/Components,54459226921.0,318.67,United States,2014,77,C-,68.82352941176471,19.230769230769223,8.826372309489528,0.16545942950188022,31.470137825421133,reported,86,175
MRX,65.55999755859375,8.002109268872301,-6.72926916392843,894684.28,-43.56511997729523,2.054794113822167,0.003348245003480012,563,93,B-,Marex Group Limited Ordinary Shares,Finance,Investment Bankers/Brokers/Service,4860148794.0,65.56,United Kingdom,2024,77,C-,62.63736263736263,48.68421052631577,37.83783783783783,0.11091420048425489,54.02564398752455,reported,97,190
TWIN,23.219999313354492,7.967091475208166,-4.009926412930165,134699.52,-29.713186802744353,0.4759787974806917,0.014666492637406402,721,93,A,Twin Disc Incorporated Common Stock,Industrials,Industrial Machinery/Components,334898043.0,23.22,United States,,77,C-,999.0,,17.25947519401867,999.0,19.019718864626668,reported,89,182
VIRT,59.7400016784668,7.3577480421841805,-10.595627130638597,1297507.1,-68.02676455489146,0.11731776716883413,0.0007021442513435638,721,90,C-,Virtu Financial Inc. Class A Common Stock,Finance,Investment Bankers/Brokers/Service,9264858907.0,59.74,United States,,77,C-,72.30769230769232,62.280701754385994,2.9771030500261864,0.24333851900134315,30.727715191754317,reported,86,176
WWD,419.0,6.830281532156576,-3.995967909414455,754770.94,-43.73829495873277,1.7138412188066,0.003062742123580001,721,87,C+,Woodward Inc. Common Stock,Energy,Industrial Machinery/Components,24965218759.0,419.0,United States,,77,C-,34.31952662721894,60.740740740740726,23.291264924949996,0.09364637348947022,23.41921779389314,reported,96,183
CTOS,10.859999656677246,7.609192828556177,-9.273187849536168,962187.06,-34.3004051623808,-0.18382773486487203,0.003338810574925281,721,92,C+,Custom Truck One Source Inc. Common Stock,Consumer Discretionary,Diversified Commercial Services,2469920436.0,10.86,Cayman Islands,2017,82,C-,999.0,160.0,999.0,999.0,9.328994486443472,reported,95,187
ANDE,77.70999908447266,7.15541742304428,-3.907510269304315,314829.0,-31.693077829551918,-0.6900970166483611,0.003909444913704531,721,89,B-,Andersons Inc. (The) Common Stock,Industrials,Farming/Seeds/Milling,2646340692.0,77.71,United States,,86,C-,833.3333333333334,49.99999999999999,17.91541463444244,1.0065328349658147,-1.1970976624404215,reported,91,180
ESE,327.7799987792969,6.750980015462048,-7.619846032718347,264802.02,-54.94709594737985,-1.0953214576206571,-0.0018623151896509948,721,86,D-,ESCO Technologies Inc. Common Stock,Telecommunications,Telecommunications Equipment,8491852838.0,327.78,United States,,86,C-,41.48148148148147,53.27102803738316,21.683730088185694,0.22104831948946685,33.464925337716856,reported,92,178
TEO,13.670000076293945,6.8178751975815555,-14.455566533884323,560551.86,-57.07926114097632,0.3671085987884348,0.00515361160328118,721,87,B,Telecom Argentina SA,Telecommunications,Telecommunications Equipment,5888183019.0,13.67,Argentina,,86,C-,488.8888888888889,,46.83152284717291,999.0,30.539952594065788,reported,90,177
ETON,42.59000015258789,11.578881954627356,-3.511552466002177,457240.5,-17.302819850822495,-3.511552466002177,0.01697097957360481,721,98,A,Eton Pharmaceuticals Inc. Common Stock,Health Care,Biotechnology: Pharmaceutical Preparations,1166640527.0,42.59,United States,2018,100,D,999.0,999.0,999.0,999.0,40.41198935308413,reported,96,194
INDV,40.525001525878906,7.725557586836992,-3.1197710926394118,1761009.98,-63.42445486879069,0.0370358058932041,0.0037974450714081042,721,92,B-,Indivior Pharmaceuticals Inc. Common Stock,Health Care,Biotechnology: Pharmaceutical Preparations,5056296956.0,40.525,United Kingdom,,100,D,134.14634146341464,156.24999999999997,19.814528297901845,0.20675212180317667,19.172932330827066,reported,97,189
KNSA,62.84000015258789,8.334687129953558,-6.613167933413722,733461.76,-17.52971552327418,-0.33306754482753664,0.01390043736469945,721,95,A,Kiniksa Pharmaceuticals International plc Class A Ordinary Shares,Health Care,Biotechnology: Pharmaceutical Preparations,4834784925.0,62.84,United States,2018,100,D,145.45454545454547,999.0,999.0,999.0,55.507493558805386,reported,94,189
LGND,300.5299987792969,7.921589049614122,-6.844173328424441,371112.46,-33.5179961351877,-0.5361559324546961,0.011898650550221204,721,93,A-,Ligand Pharmaceuticals Incorporated Common Stock,Health Care,Biotechnology: Pharmaceutical Preparations,6022940062.0,300.53,United States,,100,D,22.556390977443595,59.055118110236215,10.466760498998863,0.21590771053031313,14.09348598151457,reported,86,179
LLY,1196.030029296875,6.725689536379345,-3.199361214530194,2999989.28,-46.96434381925524,0.8567578420502597,0.006571535285881292,721,86,B+,Eli Lilly and Company Common Stock,Health Care,Biotechnology: Pharmaceutical Preparations,1126350973818.0,1196.03,United States,,100,D,155.98802395209583,41.72932330827067,29.589363752156462,0.8352508597526104,55.54246209443004,reported,91,177
LQDA,86.22000122070312,15.215056425260748,-3.1562367708884986,2009339.62,-31.679991459084455,-3.1562367708884986,0.01893436512694414,721,99,A,Liquidia Corporation Common Stock,Health Care,Biotechnology: Pharmaceutical Preparations,7667380696.0,86.22,United States,2018,100,D,999.0,999.0,999.0,999.0,4158.49358974359,reported,96,195
RPRX,58.83000183105469,7.124084601981263,-0.3219224419439892,3718562.24,-43.1551265362174,-0.3219224419439892,0.004536355968546381,721,89,B-,Royalty Pharma plc Class A Ordinary Shares,Health Care,Biotechnology: Pharmaceutical Preparations,33876208561.0,58.83,United States,2020,100,D,22.641509433962263,27.826086956521745,14.072666306583859,0.1520086587272005,10.968645676967938,reported,86,175
TVTX,57.36000061035156,10.359167732384707,-2.8290669210229047,1909977.1,-35.67697748836884,1.1997182454384747,0.005292542933501411,721,97,B,Travere Therapeutics Inc. Common Stock,Health Care,Biotechnology: Pharmaceutical Preparations,5334073031.0,57.36,United States,,100,D,999.0,999.0,999.0,999.0,55.62937405177899,reported,96,193
AYA,19.700000762939453,7.089030657211037,-8.922785356958595,519583.62,-28.13841976003786,-1.2036096524081996,0.00778339512069075,721,89,B+,Aya Gold & Silver Inc. Common Shares,Basic Materials,Precious Metals,2823990055.0,19.7,Canada,,102,D,560.0,,217.48021039363988,,246.6465667582986,diluted,97,186
KOP,50.220001220703125,7.603994641759036,-2.428599126392106,180643.08,-33.430054447698744,0.520420618484918,0.004821180996458998,721,92,B,Koppers Holdings Inc. Common Stock,Basic Materials,Forest Products,965822302.0,50.22,United States,2006,104,D,999.0,,-2.760041181028461,,-0.2628696604600219,diluted,87,179
AIR,129.0500030517578,6.647975837555446,-10.138567994368664,471275.74,-20.70735489163944,-0.3243980574537564,-0.0008627964051981002,721,85,D,AAR Corp. Common Stock,Industrials,Aerospace,5148123512.0,129.05,United States,,114,D-,31.896551724137943,26.262626262626267,30.72881395893534,0.060225276829891684,22.99536116633532,reported,95,180
ARMK,57.18000030517578,6.697479747340074,-1.668101797506294,2748674.9,-51.58958231109834,0.31579000908030785,0.0045228222135890485,721,86,B-,Aramark Common Stock,Consumer Discretionary,Restaurants,15035684790.0,57.18,United States,2013,114,D-,44.117647058823515,0.0,999.0,0.23582454823520954,14.676332426486773,reported,88,174
LOCO,15.930000305175781,6.871718388887501,-7.3837232641298485,313364.58,-59.462872287608256,3.173579910034663,0.004590423904337098,721,87,B,El Pollo Loco Holdings Inc. Common Stock,Consumer Discretionary,Restaurants,485152897.0,15.93,United States,2014,114,D-,47.36842105263159,24.999999999999993,7.0006968483604215,0.13760947830394457,5.877811993925002,reported,86,173
ROKU,141.97000122070312,6.82320585824026,-1.7032414178683508,4627823.52,-59.2643066043279,0.21176188016891473,0.0036808983357192147,721,87,B-,Roku Inc. Class A Common Stock,Telecommunications,Cable & Other Pay Television Services,20952441562.0,141.97,United States,2017,119,E+,999.0,999.0,11.550670014054099,999.0,22.358504984951093,reported,87,174
KN,37.58000183105469,7.487951179464197,-12.19625583891567,1094244.54,125.56447939872743,-3.1692849747818164,0.002217193172557542,721,91,C,Knowles Corporation Common Stock,Consumer Staples,Consumer Electronics/Appliances,3215369603.0,37.58,United States,2014,121,E+,50.000000000000014,33.33333333333332,5.2300215891077695,0.1827688042585136,15.809379727685325,reported,85,176
SN,148.60000610351562,6.624096710945963,-3.8374378584255298,2113974.12,-43.28662831501456,1.8994748938356398,0.005265113586878528,721,85,B,SharkNinja Inc. Ordinary Shares,Consumer Discretionary,Consumer Electronics/Appliances,21029928319.0,148.6,United States,2023,121,E+,25.287356321839088,37.85714285714286,26.073432332136193,0.22783865475723097,15.55390884300995,reported,89,174
CRWD,183.27999877929688,7.950894022673199,-13.02614601849722,12430179.82,-59.73597266913875,-0.0763272222473188,0.005582060013294642,721,93,B,CrowdStrike Holdings Inc. Class A Common Stock,Technology,Computer Software: Prepackaged Software,186626560838.0,183.28,United States,2019,123,E+,55.55555555555558,7.692307692307699,62.82419625452269,0.11269285839075265,25.57425274189485,reported,92,185
DDOG,246.86000061035156,9.036458572894905,-11.038232261334036,5084601.8,-55.186461209214066,1.0106801533908305,0.008673723403805091,721,96,B+,Datadog Inc. Class A Common Stock,Technology,Computer Software: Prepackaged Software,87872332257.0,246.86,United States,2019,123,E+,30.43478260869564,20.40816326530612,58.48931924611136,0.06436831341901043,32.15442654680633,reported,95,191
OKTA,138.5,8.153784155340087,-10.42555660732627,3958914.1,-58.84717478462087,1.7634046942356374,0.011459992633144553,721,94,A-,Okta Inc. Class A Common Stock,Technology,Computer Software: Prepackaged Software,24072320053.0,138.5,United States,2017,123,E+,5.813953488372099,15.384615384615383,128.4109335561014,0.1552061403894104,11.19186046511628,reported,85,179
RDVT,60.86000061035156,6.9327850113158345,-11.424826922891151,181991.26,-30.951079738664376,2.165521104811119,0.007070507210264134,721,87,B+,Red Violet Inc. Common Stock,Technology,Computer Software: Prepackaged Software,858668932.0,60.86,United States,,123,E+,39.39393939393939,133.33333333333331,49.58767895331388,0.4027691215719647,17.393082761441622,reported,93,180
SNOW,268.05999755859375,7.275752146479521,-4.318962716073127,8037061.84,-61.06547315057116,1.1051154610268732,0.015539433452134358,721,90,A,Snowflake Inc. Common Stock,Technology,Computer Software: Prepackaged Software,92909596000.0,268.06,United States,2020,123,E+,62.500000000000014,6.666666666666673,999.0,0.25069126564351346,33.47910033260594,reported,92,182
BWAY,15.970000267028809,7.996524237382898,-6.988933045620294,126578.24,132.5138981234057,-3.270744726631658,0.0017451589933112222,721,93,C,BrainsWay Ltd. American Depositary Shares,Health Care,Medical/Dental Instruments,639327425.0,15.97,Israel,2019,124,E+,499.9999999999999,199.99999999999994,999.0,999.0,34.63072122052704,reported,93,186
ATLC,99.4800033569336,7.9162828955690525,-9.899465576167488,161877.24,20.747054990559512,4.036812904703191,0.004478825508867817,721,93,B-,Atlanticus Holdings Corporation Common Stock,Finance,Finance: Consumer Services,1503938342.0,99.48,United States,1995,126,E,49.664429530201346,23.239436619718315,999.0,0.12082426581794833,67.99137010982453,reported,97,190
DAVE,402.80999755859375,8.756648779286037,-8.975662967543286,589317.6,-58.85410515484351,-1.4146207276491962,0.013517359292535764,721,95,A-,Dave Inc. Class A Common Stock,Finance,Finance: Consumer Services,5161352764.0,402.81,United States,,126,E,46.7741935483871,80.88235294117646,999.0,999.0,46.70815621556043,reported,88,183
ENVA,237.27000427246094,8.423845205498132,-2.027412896115477,350777.36,144.7615205268664,8.93939437460718,0.014380573565938982,721,95,A,Enova International Inc. Common Stock,Finance,Finance: Consumer Services,5904439274.0,237.27,United States,2014,126,E,29.865771812080546,32.56704980842912,8.540908614216747,0.055624756554020126,17.383483939850393,reported,91,186
OOMA,20.020000457763672,7.558924078375427,-4.530276045292114,349426.94,-35.56678829628878,3.409090013453908,0.002779616304991666,721,91,C+,Ooma Inc. Common Stock,Technology,EDP Services,550550000.0,20.02,United States,2015,131,E,74.99999999999997,61.90476190476192,19.418105281717768,0.10744902809116087,24.78894031893463,reported,97,188
RNG,48.310001373291016,7.684068873919341,-1.4584321698551506,1792810.38,370.2125274397396,25.090633633876557,0.01945988161532265,721,92,A,RingCentral Inc. Class A Common Stock,Technology,EDP Services,4051209159.0,48.31,United States,2013,131,E,19.999999999999996,20.40816326530612,33.94363074238742,0.024578573178360468,5.901534176448022,reported,94,186
