date,rated,A,B,C,D,E
2025-01-02,4815,12.61,35.37,25.13,18.42,8.47
2025-01-03,4817,13.51,35.98,24.81,17.27,8.43
2025-01-06,4818,13.57,36.61,24.2,17.1,8.51
2025-01-07,4819,12.64,36.27,24.86,17.6,8.63
2025-01-08,4821,11.72,36.86,24.91,17.86,8.65
2025-01-10,4823,10.55,31.72,24.42,21.83,11.47
2025-01-13,4827,10.42,32.79,26.08,21.34,9.36
2025-01-14,4827,10.83,35.09,25.44,20.14,8.49
2025-01-15,4828,11.72,37.18,25.54,17.81,7.75
2025-01-16,4829,12.05,37.59,25.7,17.23,7.43
2025-01-17,4829,12.63,38.87,24.91,16.57,7.02
2025-01-21,4831,13.85,41.13,23.6,15.07,6.35
2025-01-22,4832,13.93,39.53,24.15,15.58,6.81
2025-01-23,4833,14.42,40.0,23.61,15.64,6.33
2025-01-24,4839,14.45,40.4,23.23,15.87,6.05
2025-01-27,4840,12.91,42.05,24.07,15.04,5.93
2025-01-28,4842,13.47,41.1,23.85,15.41,6.18
2025-01-29,4843,13.38,40.97,23.64,15.57,6.44
2025-01-30,4845,14.16,42.44,22.85,14.82,5.74
2025-01-31,4845,13.21,41.01,23.24,15.91,6.63
2025-02-03,4845,12.49,38.64,24.07,17.05,7.76
2025-02-04,4845,13.19,39.3,24.21,16.12,7.18
2025-02-05,4845,14.24,39.96,23.88,15.36,6.56
2025-02-06,4845,14.88,39.01,23.53,15.77,6.81
2025-02-07,4845,13.93,38.1,23.86,16.47,7.64
2025-02-10,4845,14.01,38.41,23.61,16.57,7.39
2025-02-11,4846,13.66,38.05,23.3,17.23,7.76
2025-02-12,4846,13.56,36.79,23.57,17.79,8.3
2025-02-13,4847,14.24,38.27,22.98,17.02,7.49
2025-02-14,4848,14.27,38.61,22.63,17.1,7.38
2025-02-18,4850,14.68,38.58,23.65,16.06,7.03
2025-02-19,4849,14.31,38.11,23.61,16.89,7.07
2025-02-20,4850,13.55,37.3,24.49,17.22,7.44
2025-02-21,4850,11.61,35.01,23.73,20.91,8.74
2025-02-24,4850,10.74,33.9,23.98,22.04,9.34
2025-02-25,4851,10.37,34.12,24.32,21.52,9.67
2025-02-26,4854,10.57,33.66,25.05,21.3,9.41
2025-02-27,4854,9.89,32.84,24.8,21.96,10.51
2025-02-28,4856,10.38,35.36,25.1,19.52,9.64
2025-03-03,4860,9.49,32.61,24.12,21.77,12.02
2025-03-04,4860,8.48,29.92,24.49,24.18,12.94
2025-03-05,4861,8.74,30.82,25.04,23.66,11.75
2025-03-06,4863,8.51,30.15,24.82,24.63,11.89
2025-03-07,4863,8.57,31.4,24.74,23.71,11.58
2025-03-10,4865,7.65,27.75,23.66,26.27,14.68
2025-03-11,4867,7.79,26.96,24.16,26.57,14.53
2025-03-12,4868,7.68,27.32,24.9,26.56,13.54
2025-03-13,4868,7.44,26.89,24.32,26.79,14.56
2025-03-14,4868,7.95,27.44,25.06,26.17,13.37
2025-03-17,4869,8.52,28.4,25.41,25.24,12.43
2025-03-18,4872,8.29,28.59,24.96,25.39,12.77
2025-03-19,4872,8.56,29.74,25.66,24.36,11.68
2025-03-20,4872,8.5,29.41,25.99,24.28,11.82
2025-03-21,4874,8.12,27.16,25.46,25.07,14.18
2025-03-24,4875,8.18,28.16,25.74,24.68,13.23
2025-03-25,4876,7.79,28.24,25.59,24.88,13.49
2025-03-26,4877,7.67,27.82,25.28,25.38,13.84
2025-03-27,4877,7.75,27.68,25.04,25.69,13.84
2025-03-28,4877,7.16,26.06,24.79,26.29,15.71
2025-03-31,4878,7.11,25.32,24.33,26.55,16.69
2025-04-01,4879,7.05,25.42,25.01,25.89,16.64
2025-04-02,4880,7.56,26.7,24.88,25.96,14.9
2025-04-03,4883,6.9,21.26,21.73,28.53,21.59
2025-04-04,4883,4.71,16.69,19.33,29.63,29.63
2025-04-07,4883,4.2,15.3,18.25,30.17,32.09
2025-04-08,4885,4.2,13.61,16.93,28.93,36.34
2025-04-09,4886,4.77,18.79,24.11,33.26,19.07
2025-04-10,4887,4.95,17.6,22.18,33.17,22.1
2025-04-11,4887,5.1,18.58,22.45,33.17,20.71
2025-04-14,4888,5.24,19.52,22.81,32.88,19.56
2025-04-15,4889,5.11,19.82,23.42,32.44,19.21
2025-04-16,4892,5.21,20.05,23.22,32.4,19.11
2025-04-17,4892,5.44,20.54,23.47,31.95,18.6
2025-04-21,4892,5.4,20.36,23.53,31.93,18.79
2025-04-22,4896,5.78,21.61,24.84,30.86,16.91
2025-04-23,4896,6.07,23.22,26.27,29.55,14.89
2025-04-24,4899,6.92,24.33,27.33,27.82,13.59
2025-04-25,4899,6.98,25.41,26.43,27.7,13.47
2025-04-28,4900,7.2,25.9,27.08,26.65,13.16
2025-04-29,4900,7.47,27.06,27.49,25.43,12.55
2025-04-30,4903,7.34,27.92,26.58,25.37,12.79
2025-05-01,4905,7.26,28.99,26.99,24.99,11.76
2025-05-02,4906,7.85,31.88,27.29,23.3,9.68
2025-05-05,4906,7.89,31.25,27.29,23.26,10.31
2025-05-06,4911,7.84,30.46,26.8,23.72,11.18
2025-05-07,4913,8.16,31.26,27.11,22.33,11.13
2025-05-08,4915,8.81,33.92,27.26,21.0,9.01
2025-05-09,4915,9.66,33.81,26.14,21.46,8.91
2025-05-12,4916,10.56,39.59,26.91,16.86,6.08
2025-05-13,4917,11.15,41.02,25.36,16.66,5.82
2025-05-14,4922,10.93,39.35,25.84,17.11,6.77
2025-05-15,4922,11.17,39.98,25.9,16.5,6.44
2025-05-16,4925,11.59,40.77,25.38,16.22,6.03
2025-05-19,4926,12.08,40.03,25.58,16.36,5.95
2025-05-20,4929,12.05,40.43,25.48,16.11,5.92
2025-05-21,4929,11.2,37.39,25.71,18.6,7.1
2025-05-22,4930,11.26,37.02,25.76,18.84,7.12
2025-05-23,4931,11.38,36.36,25.45,19.14,7.67
2025-05-27,4932,12.33,39.33,25.06,16.79,6.49
2025-05-28,4935,12.32,37.57,25.37,18.12,6.63
2025-05-29,4935,12.28,39.09,25.13,17.3,6.2
2025-05-30,4935,12.0,38.46,24.68,17.91,6.95
2025-06-02,4936,12.93,37.62,24.47,17.79,7.19
2025-06-03,4936,13.55,40.07,24.51,15.68,6.18
2025-06-04,4940,13.93,39.86,24.01,15.95,6.26
2025-06-05,4943,14.22,39.21,24.5,15.82,6.25
2025-06-06,4943,15.44,39.87,23.99,15.21,5.48
2025-06-09,4943,15.62,40.89,23.83,14.57,5.1
2025-06-10,4943,15.9,41.86,24.09,13.47,4.67
2025-06-11,4944,15.49,41.3,23.75,14.64,4.81
2025-06-12,4944,15.31,41.2,23.77,14.68,5.04
2025-06-13,4944,13.92,38.83,24.05,16.71,6.49
2025-06-16,4944,14.56,40.68,23.36,15.21,6.19
2025-06-17,4944,13.83,38.33,23.97,16.81,7.06
2025-06-18,4944,14.36,39.66,23.26,15.72,7.0
2025-06-20,4946,13.42,38.76,23.94,17.12,6.75
2025-06-23,4947,13.48,39.86,24.52,15.83,6.31
2025-06-24,4948,14.43,41.61,24.03,14.63,5.3
2025-06-25,4950,14.08,40.46,23.94,15.9,5.62
2025-06-26,4951,14.78,42.38,23.67,14.04,5.13
2025-06-27,4953,14.76,42.6,22.23,15.08,5.33
2025-06-30,4954,15.1,42.71,22.29,14.86,5.05
2025-07-01,4957,15.29,44.52,22.37,13.66,4.16
2025-07-02,4959,16.62,44.4,22.08,13.07,3.83
2025-07-03,4961,16.91,44.18,22.21,12.94,3.75
2025-07-07,4962,16.53,42.99,22.71,13.48,4.29
2025-07-08,4964,16.9,44.02,22.48,12.75,3.85
2025-07-09,4966,17.74,44.4,21.53,12.59,3.75
2025-07-10,4966,18.55,44.6,21.04,12.04,3.77
2025-07-11,4970,18.27,43.82,21.25,12.64,4.02
2025-07-14,4971,18.59,43.98,21.14,12.47,3.82
2025-07-15,4971,16.6,41.86,22.25,13.94,5.35
2025-07-16,4972,17.48,43.14,21.42,13.46,4.51
2025-07-17,4972,19.29,43.5,20.96,12.41,3.84
2025-07-18,4975,18.53,43.16,21.27,12.5,4.54
2025-07-21,4978,18.44,43.51,21.11,12.62,4.32
2025-07-22,4978,19.2,45.9,19.79,11.49,3.62
2025-07-23,4978,21.45,46.2,18.52,10.63,3.19
2025-07-24,4978,20.19,45.36,19.87,10.83,3.76
2025-07-25,4979,20.1,45.35,19.68,11.33,3.53
2025-07-28,4979,20.02,44.45,19.66,12.05,3.82
2025-07-29,4979,18.02,44.39,20.91,12.41,4.28
2025-07-30,4981,17.02,42.04,21.3,14.74,4.9
2025-07-31,4982,16.14,40.26,22.12,14.97,6.5
2025-08-01,4984,14.39,37.92,22.29,17.38,8.03
2025-08-04,4984,15.51,39.37,22.27,15.91,6.94
2025-08-05,4984,15.13,40.39,22.55,15.19,6.74
2025-08-06,4985,15.31,40.1,22.49,15.33,6.78
2025-08-07,4987,15.16,39.96,21.7,16.06,7.12
2025-08-08,4988,15.28,39.94,22.03,15.6,7.16
2025-08-11,4988,14.76,40.06,21.99,15.86,7.34
2025-08-12,4991,16.07,41.72,21.44,14.41,6.37
2025-08-13,4992,17.13,42.97,21.11,13.24,5.55
2025-08-14,4993,16.36,42.26,21.51,14.28,5.59
2025-08-15,4995,15.96,41.22,22.24,14.99,5.59
2025-08-18,4995,15.96,41.54,22.32,14.61,5.57
2025-08-19,4995,15.2,41.64,22.58,15.32,5.27
2025-08-20,4996,15.01,41.37,23.1,15.11,5.4
2025-08-21,4998,15.21,41.32,22.99,15.07,5.42
2025-08-22,4999,18.32,45.29,20.7,11.68,4.0
2025-08-25,4999,18.14,44.67,21.1,12.08,4.0
2025-08-26,4999,18.62,44.41,21.32,11.24,4.4
2025-08-27,4999,19.52,44.33,20.88,11.14,4.12
2025-08-28,4999,19.66,44.05,20.94,11.24,4.1
2025-08-29,5000,19.62,43.86,20.92,11.42,4.18
2025-09-02,5001,18.48,42.37,21.48,12.98,4.7
2025-09-03,5001,18.32,42.49,20.9,13.28,5.02
2025-09-04,5004,18.69,43.25,20.6,12.63,4.84
2025-09-05,5006,19.16,43.07,20.28,12.82,4.67
2025-09-08,5008,19.41,42.95,19.99,12.38,5.27
2025-09-09,5008,19.27,42.73,19.43,13.14,5.43
2025-09-10,5011,18.96,41.61,19.96,13.65,5.83
2025-09-11,5013,21.13,42.97,18.93,12.05,4.93
2025-09-12,5015,20.8,41.69,19.72,12.48,5.3
2025-09-15,5015,20.96,41.58,19.36,12.56,5.54
2025-09-16,5016,20.57,41.21,19.58,12.96,5.68
2025-09-17,5018,20.51,40.83,19.99,13.07,5.6
2025-09-18,5018,22.6,42.03,18.77,11.64,4.96
2025-09-19,5022,18.7,37.99,21.72,15.07,6.51
2025-09-22,5023,18.93,38.74,21.2,14.83,6.29
2025-09-23,5025,18.45,39.02,21.29,14.95,6.29
2025-09-24,5029,18.33,39.49,20.52,15.15,6.5
2025-09-25,5031,17.73,38.66,20.93,15.8,6.88
2025-09-26,5031,18.33,38.56,21.45,14.95,6.72
2025-09-29,5032,18.9,37.84,21.22,15.54,6.5
2025-09-30,5034,19.03,37.52,21.2,15.67,6.58
2025-10-01,5034,19.17,37.23,21.49,15.26,6.85
2025-10-02,5034,19.11,37.62,21.08,15.67,6.52
2025-10-03,5037,19.59,37.98,21.34,14.97,6.11
2025-10-06,5038,20.46,37.18,21.02,14.85,6.49
2025-10-07,5039,19.03,36.18,21.02,16.71,7.06
2025-10-08,5043,20.13,36.39,20.8,15.45,7.24
2025-10-09,5043,19.29,36.29,20.42,16.02,7.97
2025-10-10,5044,15.36,33.21,21.71,19.13,10.59
2025-10-13,5047,15.87,34.4,22.29,18.25,9.19
2025-10-14,5047,16.25,36.56,22.01,17.57,7.61
2025-10-15,5048,16.82,37.32,21.08,17.25,7.53
2025-10-16,5048,15.73,35.58,21.47,18.5,8.72
2025-10-17,5048,15.15,36.01,22.52,18.11,8.2
2025-10-20,5052,15.82,37.11,22.57,17.0,7.5
2025-10-21,5055,15.31,38.24,23.03,16.52,6.9
2025-10-22,5055,14.6,38.26,23.01,17.43,6.71
2025-10-23,5055,14.88,38.97,22.75,17.03,6.37
2025-10-24,5055,15.59,39.15,22.57,16.2,6.49
2025-10-27,5057,15.78,39.53,22.09,15.88,6.72
2025-10-28,5059,15.62,38.92,21.53,16.84,7.1
2025-10-29,5060,14.92,35.14,21.76,18.74,9.45
2025-10-30,5061,14.56,34.28,22.13,18.67,10.35
2025-10-31,5061,15.0,34.62,22.29,18.2,9.9
2025-11-03,5062,14.38,35.05,22.86,17.29,10.43
2025-11-04,5064,12.36,34.5,22.79,19.31,11.04
2025-11-05,5066,12.67,35.43,23.55,18.32,10.03
2025-11-06,5067,11.96,34.1,22.93,19.66,11.35
2025-11-07,5067,11.8,34.95,22.74,19.38,11.13
2025-11-10,5069,12.59,35.33,22.75,18.33,11.01
2025-11-11,5072,13.15,35.71,22.28,18.04,10.82
2025-11-12,5073,13.25,36.17,21.94,18.14,10.51
2025-11-13,5074,11.67,35.06,22.39,19.67,11.21
2025-11-14,5075,11.67,34.23,23.01,19.68,11.41
2025-11-17,5076,11.13,32.03,22.3,21.65,12.88
2025-11-18,5078,11.19,32.57,22.17,21.31,12.76
2025-11-19,5078,10.87,32.49,21.94,21.66,13.04
2025-11-20,5078,9.2,31.21,22.84,22.31,14.43
2025-11-21,5080,10.24,34.94,24.37,19.67,10.79
2025-11-24,5080,11.4,35.3,23.37,19.45,10.49
2025-11-25,5083,12.45,37.69,22.53,18.3,9.03
2025-11-26,5084,13.0,37.84,23.11,17.78,8.26
2025-11-28,5085,13.27,37.8,23.11,17.64,8.18
2025-12-01,5085,12.55,37.9,23.01,18.27,8.28
2025-12-02,5086,12.27,37.06,23.81,18.29,8.57
2025-12-03,5086,13.51,38.62,23.89,16.32,7.67
2025-12-04,5086,13.88,39.95,22.89,15.63,7.65
2025-12-05,5088,13.56,39.47,23.33,16.0,7.65
2025-12-08,5088,13.13,39.43,22.6,16.57,8.27
2025-12-09,5092,14.1,39.63,22.05,16.77,7.44
2025-12-10,5097,15.93,42.57,20.72,14.28,6.49
2025-12-11,5097,16.79,42.97,20.8,13.5,5.94
2025-12-12,5098,15.32,42.04,22.28,13.97,6.39
2025-12-15,5100,14.41,40.96,22.47,14.86,7.29
2025-12-16,5101,13.62,40.25,23.11,15.72,7.29
2025-12-17,5103,12.97,39.76,23.28,16.13,7.86
2025-12-18,5103,13.38,39.27,24.03,15.72,7.6
2025-12-19,5103,13.07,39.45,23.91,15.66,7.92
2025-12-22,5103,13.62,39.45,23.79,15.3,7.84
2025-12-23,5105,13.56,39.0,23.84,15.48,8.13
2025-12-24,5107,13.65,39.24,23.48,15.68,7.95
2025-12-26,5109,13.84,38.97,23.74,15.37,8.08
2025-12-29,5111,12.99,38.64,23.81,15.67,8.88
2025-12-30,5114,12.85,38.27,23.82,16.15,8.92
2025-12-31,5116,12.43,37.72,24.0,16.65,9.19
2026-01-02,5118,12.78,38.78,23.37,16.59,8.48
2026-01-05,5119,14.07,41.41,22.09,15.18,7.25
2026-01-06,5119,15.59,42.1,20.98,14.5,6.84
2026-01-07,5122,14.37,41.64,21.65,14.97,7.36
2026-01-08,5126,15.33,43.87,21.4,12.95,6.44
2026-01-09,5127,15.35,44.37,21.12,12.87,6.28
2026-01-12,5127,15.53,44.45,21.44,12.78,5.81
2026-01-13,5128,15.41,44.34,21.33,12.97,5.95
2026-01-14,5129,16.36,44.57,20.63,12.67,5.77
2026-01-15,5132,17.24,44.35,20.6,12.39,5.42
2026-01-16,5134,16.83,44.1,20.45,12.72,5.9
2026-01-20,5135,15.52,42.38,21.3,13.98,6.82
2026-01-21,5137,17.21,43.68,20.19,12.85,6.07
2026-01-22,5139,18.23,43.92,20.0,12.28,5.57
2026-01-23,5139,17.22,43.98,20.51,12.84,5.45
2026-01-26,5139,16.56,44.23,21.09,12.41,5.7
2026-01-27,5142,16.98,43.64,20.65,12.7,6.03
2026-01-28,5142,16.22,42.16,21.43,13.79,6.4
2026-01-29,5142,16.06,42.53,20.95,13.77,6.69
2026-01-30,5144,14.27,43.76,20.65,14.09,7.23
2026-02-02,5145,15.43,43.56,20.02,13.66,7.33
2026-02-03,5147,16.11,41.36,19.74,13.72,9.07
2026-02-04,5149,16.31,41.11,19.75,13.83,8.99
2026-02-05,5151,14.4,40.81,18.99,15.22,10.58
2026-02-06,5154,16.16,41.0,19.64,14.45,8.75
2026-02-09,5154,16.32,41.75,19.17,14.38,8.38
2026-02-10,5154,15.99,42.47,19.17,13.97,8.4
2026-02-11,5155,16.14,41.57,19.05,14.22,9.02
2026-02-12,5155,14.78,40.64,19.4,15.05,10.13
2026-02-13,5157,14.97,41.03,19.35,14.78,9.87
2026-02-17,5158,15.03,40.77,20.09,14.33,9.79
2026-02-18,5160,14.98,40.85,20.74,14.3,9.13
2026-02-19,5162,15.25,40.68,20.77,14.2,9.1
2026-02-20,5163,15.86,40.36,20.63,14.04,9.1
2026-02-23,5164,13.9,39.56,20.7,15.88,9.95
2026-02-24,5166,14.79,39.95,20.65,15.6,9.0
2026-02-25,5166,15.2,40.13,21.45,15.29,7.94
2026-02-26,5166,15.52,40.4,21.68,14.91,7.49
2026-02-27,5166,14.01,39.01,21.85,16.82,8.3
2026-03-02,5166,14.56,39.24,21.68,16.36,8.17
2026-03-03,5166,12.64,37.65,23.46,17.54,8.71
2026-03-04,5166,13.24,38.48,23.62,17.05,7.61
2026-03-05,5169,11.99,36.76,25.29,17.93,8.03
2026-03-06,5173,11.21,35.32,25.21,19.2,9.07
2026-03-09,5173,11.71,35.22,25.88,18.15,9.03
2026-03-10,5174,11.77,35.58,25.3,18.67,8.68
2026-03-11,5174,12.21,34.48,25.13,19.23,8.95
2026-03-12,5175,11.34,33.35,24.68,20.44,10.18
2026-03-13,5176,10.74,33.02,24.83,20.56,10.86
2026-03-16,5176,11.07,33.93,24.48,19.98,10.55
2026-03-17,5178,11.14,34.14,24.82,20.05,9.85
2026-03-18,5178,10.24,31.87,24.41,22.29,11.2
2026-03-19,5180,10.19,31.18,24.54,22.32,11.78
2026-03-20,5181,8.36,26.21,23.9,26.38,15.15
2026-03-23,5181,8.59,28.37,25.38,25.11,12.55
2026-03-24,5181,8.7,28.22,25.23,24.71,13.14
2026-03-25,5182,9.17,29.16,24.89,24.04,12.74
2026-03-26,5182,9.03,28.58,25.22,24.16,13.01
2026-03-27,5182,8.63,27.15,24.3,25.47,14.45
2026-03-30,5182,8.28,26.79,24.84,26.01,14.09
2026-03-31,5182,8.53,31.05,25.47,23.87,11.08
2026-04-01,5182,8.74,32.23,25.14,23.31,10.58
2026-04-02,5182,8.92,32.23,25.7,22.56,10.59
2026-04-06,5182,9.22,32.67,25.94,21.88,10.29
2026-04-07,5183,9.51,32.3,25.85,21.86,10.48
2026-04-08,5184,10.53,37.54,25.52,18.48,7.93
2026-04-09,5185,11.15,38.82,23.55,17.84,8.64
2026-04-10,5188,10.81,38.38,23.57,18.23,9.0
2026-04-13,5188,11.68,39.57,23.94,17.06,7.75
2026-04-14,5189,12.35,40.97,23.57,16.13,6.98
2026-04-15,5189,13.07,41.4,23.68,15.69,6.17
2026-04-16,5189,13.18,41.51,23.95,15.22,6.13
2026-04-17,5189,14.95,45.1,22.22,12.95,4.78
2026-04-20,5189,15.44,44.44,22.43,12.89,4.8
2026-04-21,5191,14.2,43.25,22.96,14.06,5.53
2026-04-22,5191,14.74,42.71,23.31,13.58,5.66
2026-04-23,5193,14.15,42.06,23.24,14.23,6.32
2026-04-24,5195,14.28,41.71,23.29,14.36,6.35
2026-04-27,5198,14.39,42.02,22.93,14.06,6.6
2026-04-28,5202,14.28,41.39,23.2,14.15,6.98
2026-04-29,5206,13.22,39.7,23.68,15.92,7.47
2026-04-30,5207,14.13,42.21,22.35,14.67,6.63
2026-05-01,5208,14.21,42.8,22.29,14.46,6.24
2026-05-04,5208,14.23,41.19,23.02,14.69,6.87
2026-05-05,5210,14.78,41.92,22.03,14.8,6.47
2026-05-06,5214,14.88,43.27,21.94,13.81,6.1
2026-05-07,5219,13.64,42.25,23.51,14.5,6.09
2026-05-08,5222,14.21,41.21,23.11,15.07,6.4
2026-05-11,5222,13.98,39.37,23.57,15.82,7.26
2026-05-12,5224,13.8,38.36,23.6,17.0,7.24
2026-05-13,5228,14.0,36.78,23.99,17.44,7.79
2026-05-14,5228,14.14,37.09,24.02,17.2,7.56
2026-05-15,5229,12.81,35.61,24.15,18.86,8.57
2026-05-18,5230,12.47,36.67,24.34,18.32,8.2
2026-05-19,5231,12.08,35.61,24.6,19.04,8.66
2026-05-20,5231,13.32,37.09,25.04,16.96,7.59
2026-05-21,5232,13.67,37.79,24.98,16.13,7.44
2026-05-22,5233,13.93,37.99,24.48,16.26,7.34
2026-05-26,5235,14.75,39.2,23.29,15.57,7.2
2026-05-27,5235,14.96,39.73,22.48,15.95,6.88
2026-05-28,5238,15.48,40.17,22.09,15.73,6.53
2026-05-29,5240,15.21,39.14,21.98,16.66,7.0
2026-06-01,5240,15.53,38.42,22.12,16.7,7.23
2026-06-02,5240,14.94,38.68,22.71,15.94,7.73
2026-06-03,5240,13.74,36.81,23.51,17.73,8.21
2026-06-04,5241,14.46,38.45,23.43,16.01,7.65
2026-06-05,5242,12.93,37.66,24.23,17.0,8.18
2026-06-08,5243,13.37,37.42,23.38,17.62,8.2
2026-06-09,5244,13.98,38.67,22.88,16.51,7.95
2026-06-10,5246,13.88,38.33,22.68,16.81,8.29
2026-06-11,5246,14.91,39.76,22.11,15.86,7.36
2026-06-12,5249,14.8,40.26,22.39,15.45,7.11
2026-06-15,5251,14.85,39.76,22.41,15.77,7.2
2026-06-16,5252,14.47,39.87,22.68,15.29,7.69
2026-06-17,5253,13.78,37.27,23.13,17.46,8.36
2026-06-18,5256,15.7,38.77,21.52,15.98,8.03
2026-06-22,5259,15.54,38.47,21.56,16.22,8.21
2026-06-23,5259,15.69,38.81,21.45,16.09,7.97
2026-06-24,5259,15.59,39.46,20.8,15.78,8.37
2026-06-25,5259,15.95,38.47,20.94,15.93,8.71
2026-06-26,5261,19.14,40.54,19.37,13.67,7.28
2026-06-29,5262,19.46,40.69,19.16,13.65,7.05
2026-06-30,5263,19.67,39.94,19.86,13.47,7.07
2026-07-01,5265,19.7,40.51,19.87,13.26,6.67
2026-07-02,5266,19.24,40.98,19.81,13.58,6.4
2026-07-06,5267,19.42,41.1,20.05,13.31,6.11
2026-07-07,5267,18.89,40.95,19.92,14.2,6.04
2026-07-08,5268,18.09,40.45,20.88,14.45,6.13
2026-07-09,5268,18.51,40.32,21.03,14.12,6.02
2026-07-10,5268,18.45,40.45,21.15,13.99,5.96
2026-07-13,5268,18.07,40.72,20.99,13.91,6.3
2026-07-14,5270,18.01,40.66,21.12,13.97,6.24
2026-07-15,5270,17.93,41.29,21.29,13.55,5.94
2026-07-16,5272,18.57,40.9,20.6,13.75,6.18
2026-07-17,5275,16.57,41.1,21.23,14.62,6.48
2026-07-20,5255,15.81,40.21,21.75,15.22,7.0
2026-07-21,5258,16.28,40.03,22.44,14.61,6.64
2026-07-22,5259,15.61,40.27,22.95,14.57,6.6
2026-07-23,5264,14.34,38.94,23.92,15.58,7.22
2026-07-24,5264,14.1,39.76,22.74,16.0,7.41
2026-07-27,5265,14.81,40.42,22.36,15.19,7.22
2026-07-28,5265,16.05,40.25,20.63,15.4,7.67
2026-07-29,5267,14.32,38.18,22.04,16.25,9.21
2026-07-30,5268,13.86,38.8,23.08,16.38,7.88
2026-07-31,5268,13.06,39.01,22.85,17.44,7.63
2026-08-03,5277,14.38,40.74,21.91,15.9,7.07
2026-08-04,5280,15.85,42.44,21.27,14.24,6.19
2026-08-05,5280,15.34,42.12,21.33,14.87,6.34
2026-08-06,5280,15.13,41.57,22.22,14.66,6.42
2026-08-07,5283,15.84,42.48,21.54,14.03,6.11
2026-08-10,5284,15.67,41.67,21.82,14.42,6.42
2026-08-11,5259,15.42,41.49,21.53,14.89,6.67
2026-08-12,5262,15.79,41.22,21.72,14.52,6.75
2026-08-13,5267,16.37,41.5,21.15,14.62,6.36
2026-08-14,5269,16.61,41.56,21.24,14.54,6.05
2026-08-17,5269,15.89,40.9,21.96,14.71,6.55
2026-08-18,5270,15.92,39.96,22.09,15.14,6.89
2026-08-19,5273,16.31,40.49,21.68,14.64,6.88
2026-08-20,5276,15.69,40.11,21.27,15.45,7.49
2026-08-21,5277,16.68,40.82,20.86,14.46,7.18
2026-08-24,5286,16.59,40.58,20.94,14.51,7.38
2026-08-25,5285,16.99,40.61,20.59,14.49,7.32
2026-08-26,5287,16.25,40.93,21.03,14.85,6.94
2026-08-27,5288,16.28,40.41,21.26,14.96,7.09
2026-08-28,5286,15.82,40.07,21.68,15.23,7.21
2026-08-31,5282,15.16,38.05,22.21,16.58,7.99
2026-09-01,5283,14.71,35.95,22.66,17.98,8.71
2026-09-02,5286,15.55,37.33,22.13,16.8,8.19
2026-09-03,5282,15.98,37.52,22.02,16.81,7.67
2026-09-04,5283,15.99,37.8,21.88,16.79,7.53
2026-09-08,5277,14.65,36.67,22.99,17.38,8.32
2026-09-09,5288,13.84,35.02,22.41,18.97,9.76
2026-09-10,5290,13.31,33.93,22.55,19.28,10.93
2026-09-11,5291,13.29,35.06,21.96,19.26,10.43
2026-09-14,5283,13.33,34.26,22.22,19.27,10.92
2026-09-15,5288,12.99,32.94,22.3,19.23,12.54
2026-09-16,5294,11.81,32.13,22.27,20.25,13.54
2026-09-17,5296,12.59,32.85,22.39,19.88,12.27
2026-09-18,5277,11.75,29.98,22.83,21.45,13.99
2026-09-21,5276,11.83,30.71,23.09,20.43,13.95
2026-09-22,5277,11.9,31.27,22.91,20.24,13.68
2026-09-23,5284,11.22,30.24,22.84,20.7,14.99
2026-09-24,5290,11.23,29.49,22.51,21.38,15.39
2026-09-25,5289,11.29,29.72,22.39,21.8,14.8
2026-09-28,5290,11.38,28.36,22.44,22.4,15.43
2026-09-29,5293,11.39,27.87,22.78,22.31,15.64
2026-09-30,5294,11.31,27.24,22.7,22.74,16.0
2026-10-01,5295,11.01,28.05,22.64,22.46,15.85
2026-10-02,5298,11.33,28.18,23.12,21.65,15.72
2026-10-05,5299,11.83,28.51,22.74,21.61,15.3
2026-10-06,5295,10.99,29.33,23.02,21.57,15.09
2026-10-07,5298,10.57,28.03,22.76,22.39,16.25
2026-10-08,5301,9.98,29.13,23.66,22.0,15.24
2026-10-09,5296,10.35,29.17,23.66,21.62,15.2
