symbol,price,rs_raw,pct_off_high,adv50,adv3m,vol_pct_chg,price_day_chg,ad_raw,history_days,rs_rating,ad_rating,name,sector,industry,market_cap,last_sale,country,ipo_year,industry_rank,group_grade,eps_q0_growth,eps_q1_growth,eps_annual_growth,eps_stability,sales_growth,eps_source,eps_rating,eps_rs_sum
COP,134.10000610351562,6.366016209043825,-5.041775283700889,6673500.0,6543212.698412699,-42.484453435228886,-0.06706635088550295,0.47811799481931555,1258,85,C,ConocoPhillips Common Stock,Energy,Integrated oil Companies,136290550563.0,111.87,United States,,1,A+,128.16901408450707,-9.56937799043062,39.66956260527861,0.2654964127310711,36.825192802056556,reported,86,171
DK,74.51000213623047,9.06310084578225,-8.632741449511938,2085660.0,1908520.634920635,-44.842400007671436,-2.7284548035555356,-4.494129637188988,1258,96,C-,Delek US Holdings Inc. Common Stock,Energy,Integrated oil Companies,3735475685.0,60.95,United States,2017,1,A+,999.0,999.0,999.0,999.0,47.83332127613398,reported,96,192
MPC,455.0299987792969,10.182351843923833,-1.7934988613704017,2664376.0,2542700.0,-26.166577089720068,-1.7934988613704017,22.64281275481051,1258,97,B,Marathon Petroleum Corporation Common Stock,Energy,Integrated oil Companies,88573575059.0,303.4,United States,,1,A+,347.7272727272727,999.0,999.0,999.0,53.83295363768159,reported,95,192
PSX,278.17999267578125,8.740144123751309,-1.214493378411785,2957384.0,2839425.396825397,-4.128107814203363,-1.214493378411785,-11.885240226057581,1258,96,D+,Phillips 66 Common Stock,Energy,Integrated oil Companies,80768359779.0,201.45,United States,,1,A+,295.37815126050424,999.0,999.0,999.0,53.05944842901299,reported,95,191
VLO,433.75,9.803595394292472,-2.2645308853989965,3097252.0,3035265.0793650793,8.111965058057912,-2.2645308853989965,12.491132795738068,1258,97,B-,Valero Energy Corporation Common Stock,Energy,Integrated oil Companies,89504448478.0,301.43,United States,,1,A+,450.0,374.15730337078645,999.0,0.8075473358800658,48.80390779216434,reported,98,195
ARW,227.89999389648438,7.601400371847602,-5.830337973894295,572378.0,555517.4603174604,-45.0887350666867,0.5071637911728155,12.988767931538893,1258,93,B-,Arrow Electronics Inc. Common Stock,Technology,Electronic Components,10559159849.0,206.5,United States,,2,A+,124.27983539094649,190.0,8.855238812645227,0.32783592613121804,31.824628852945807,reported,91,184
AVT,99.36000061035156,7.815164326030411,-7.088088328039699,1316916.0,1239825.396825397,-15.64382238502684,-0.2008808287931929,35.45200071281329,1258,94,B+,Avnet Inc. Common Stock,Technology,Electronic Components,7058172170.0,86.05,United States,,2,A+,181.48148148148144,76.1904761904762,15.914278608818,0.30818576808672643,47.662508154889956,reported,93,187
NTAP,237.14999389648438,9.631994870077593,0.0,2560900.0,2512339.6825396824,-37.197860127298995,2.8716415009941043,49.082315825203345,1258,97,A,NetApp Inc. Common Stock,Technology,Electronic Components,34197823258.0,174.55,United States,1995,2,A+,66.45161290322581,25.90673575129535,15.480068178804851,0.10608655428338358,29.890955740859525,reported,93,190
P,154.49000549316406,10.645301924899183,0.0,5265546.0,4656911.111111111,-23.440038317014032,2.603438917622203,29.007512021792298,1258,98,B+,Everpure Inc. Class A common stock,Technology,Electronic Components,25605151912.0,77.03,United States,2015,2,A+,62.790697674418595,62.06896551724138,39.61448827076153,0.22616978814179356,37.73463940850312,reported,95,193
ASC,19.280000686645508,7.483870262780966,-0.9758532789400975,631440.0,610834.9206349206,-14.291144051691374,-0.9758532789400975,42.474075805248916,1258,92,A-,Ardmore Shipping Corporation Common Stock,Consumer Discretionary,Marine Transportation,660186295.0,16.18,,2013,3,A+,436.3636363636363,314.2857142857142,999.0,0.6421637127750405,61.30527718402132,reported,98,190
CMBT,20.600000381469727,8.757070915244194,-1.0091258522920254,1085990.0,1004203.1746031746,41.53905652906565,-1.0091258522920254,7.116832825882519,1258,96,B-,CMB.TECH NV Ordinary Shares,Consumer Discretionary,Marine Transportation,4986127270.0,15.78,,2015,3,A+,999.0,999.0,999.0,999.0,81.51843180130373,reported,96,192
DHT,24.639999389648438,9.109664796670117,-1.16326077808806,3824846.0,3539760.3174603176,-20.313131561375286,-1.16326077808806,41.13766253136556,1258,96,A-,DHT Holdings Inc.,Consumer Discretionary,Marine Transportation,2927736961.0,18.18,Jersey,2005,3,A+,408.3333333333333,137.037037037037,49.62778697388448,0.3516991520251706,122.11727298232489,reported,97,193
ECO,93.11000061035156,12.555938063464126,-1.4083034695809848,692856.0,633953.9682539683,3.31151061692474,-1.4083034695809848,20.565035831471423,793,99,B,Okeanis Eco Tankers Corp. Common Stock,Consumer Discretionary,Marine Transportation,2215003278.0,56.73,,,3,A+,612.0481927710844,497.43589743589746,119.40957388322819,0.6548037244326075,239.39574676115188,reported,98,197
INSW,119.81999969482422,10.413073809854033,-1.64176654491075,672072.0,635687.3015873015,-16.645835565237054,-1.64176654491075,47.57116495644516,1258,98,A,International Seaways Inc. Common Stock,Consumer Discretionary,Marine Transportation,4362353812.0,88.12,United States,2016,3,A+,479.41176470588243,387.49999999999994,999.0,0.5707783176542611,138.849218722047,reported,99,197
LPG,57.63999938964844,9.197366211177227,-1.149034415817174,593328.0,598214.2857142857,-24.409432893778813,-1.013223694360399,27.84967997869304,1258,96,B+,Dorian LPG Ltd. Common Stock,Consumer Discretionary,Marine Transportation,1781043010.0,41.63,United States,2014,3,A+,833.3333333333333,656.0,33.34635162427997,0.843310562011172,123.10944266519084,reported,96,192
ANET,216.74000549316406,6.993064119032897,0.0,5929158.0,6078388.888888889,-26.984573526291587,2.7349880262951487,47.402406708028764,1258,90,A,Arista Networks Inc. Common Stock,Telecommunications,Computer Communications Equipment,229892617404.0,182.57,United States,,6,A+,39.726027397260275,33.84615384615384,40.14552181892086,0.03867719117508686,37.68595791001451,reported,98,188
ENTG,165.7899932861328,7.086056941980824,-9.82041791710746,2141868.0,2322904.761904762,-30.901437436854184,2.219613287216715,-4.7318768549485295,1258,91,C-,Entegris Inc. Common Stock,Industrials,Plastic Products,21446075000.0,140.63,United States,2000,8,A+,40.909090909090914,28.358208955223873,1.8421319980623574,0.09017605638293628,11.458859162039374,reported,86,177
APA,45.880001068115234,7.650215029631269,-3.227164699896934,5715726.0,5588698.412698412,-20.15712439679579,0.9016930644493382,10.587110716880272,1258,93,B-,APA Corporation Common Stock,Energy,Oil & Gas Production,12205326938.0,34.53,United States,,10,A+,117.24137931034484,30.188679245283,29.55631085793391,0.2389012868300234,8.953168044077135,reported,93,186
CNQ,49.650001525878906,6.604836925057211,-3.6857376126121943,6271082.0,6466339.682539683,-38.168564850531375,1.223246275537182,-9.56919449030473,1258,88,C-,Canadian Natural Resources Limited Common Stock,Energy,Oil & Gas Production,88904126640.0,42.62,Canada,,10,A+,208.4507042253521,0.8620689655172422,31.535843262935416,0.2922742996410286,77.92248062015504,reported,87,175
CVE,31.389999389648438,7.261953282410183,-7.458723218956886,7078050.0,7141698.412698412,35.08522827614951,-0.317562344225375,-18.146567227097645,1258,92,D,Cenovus Energy Inc Common Stock,Energy,Oil & Gas Production,51581250000.0,27.51,Canada,,10,A+,355.99999999999994,91.17647058823529,999.0,0.4743582690286088,54.947641854046594,reported,98,190
PARR,81.88999938964844,7.99413709998718,-6.571593880155058,974868.0,979382.5396825396,8.476224473467187,-6.571593880155058,-9.877719585078257,1258,94,C-,Par Pacific Holdings Inc.  Common Stock,Energy,Oil & Gas Production,3688111573.0,73.55,United States,,10,A+,714.5299145299145,,5.601433675539913,,56.797793220586044,diluted,88,182
PBR,25.299999237060547,8.540774511051222,0.0,22028300.0,20407588.888888888,18.94835280071545,2.470630578405575,42.16693456143263,1258,95,A-,Petroleo Brasileiro S.A. Petrobras ADS,Energy,Oil & Gas Production,115483045548.0,17.92,Brazil,,10,A+,153.12500000000003,47.692307692307686,20.021655355289102,0.3906480741805738,59.751865760327036,reported,92,187
SNX,273.3699951171875,7.136993632757704,-5.593949101308581,801912.0,789158.7301587302,-55.419048474146784,2.209677653078823,21.710272931267063,1258,91,B,TD SYNNEX Corporation Common Stock,Technology,Retail: Computer Software & Peripheral Equipment,20226365906.0,252.96,United States,2003,13,A,58.65921787709496,62.207357859531754,10.998012808687086,0.12287283922167878,30.96748596560423,reported,93,184
CDNA,63.66999816894531,16.39703596209074,-8.847531052510227,1324240.0,1311669.8412698412,-32.36875490847581,2.355110191732601,39.64522000826064,1258,99,A-,CareDx Inc. Common Stock,Health Care,Medical Specialities,1494508785.0,28.93,United States,2014,15,A,270.0,240.0,20.884579643362745,999.0,52.22602937274311,reported,86,185
CON,37.189998626708984,7.759824719590064,0.0,960272.0,934833.3333333334,10.801939450489018,1.584261149106414,55.604312398980895,555,94,A,Concentra Group Holdings Parent Inc. Common Stock,Health Care,Medical Specialities,3954019002.0,30.9,United States,2024,15,A,40.54054054054055,25.000000000000007,29.268292682926834,0.25600762955859835,10.030229581415616,reported,89,183
OSCR,33.369998931884766,7.926657884390734,-1.301397289364914,5480680.0,5243073.015873016,-2.8861382164257043,0.8157113903638713,9.350944290083536,1258,94,B-,Oscar Health Inc. Class A Common Stock,Health Care,Medical Specialities,9367387510.0,31.07,United States,2021,15,A,999.0,124.99999999999997,999.0,999.0,70.40201540183209,reported,94,188
BTSG,63.7400016784668,7.073168996512038,-12.577151999799085,2664746.0,3205049.206349206,-39.42011733951378,0.1256704857782731,36.918399267066995,679,91,B+,BrightSpring Health Services Inc. Common Stock,Health Care,Medical/Nursing Services,13744837381.0,69.67,United States,2024,18,A,104.54545454545455,105.26315789473684,99.22839363813694,0.15339018324021728,23.046747178414194,reported,99,190
TGT,153.63999938964844,6.833190059172248,-9.565012689611041,4128732.0,3982804.761904762,-12.803737321773367,-0.7236980853847386,0.5623342800209584,1258,89,C,Target Corporation Common Stock,Consumer Discretionary,Department/Specialty Retail Stores,60861609008.0,134.0,United States,,21,A-,100.4878048780488,,10.780448872111425,,5.267541945975963,diluted,85,174
SEI,76.4000015258789,6.627742901749055,-7.637156351068974,2664042.0,3011853.9682539683,-42.47087696064852,4.542966080514543,14.596817236297916,1258,88,B-,Solaris Energy Infrastructure Inc. Class A Common Stock,Consumer Discretionary,Oil and Gas Field Machinery,5111168236.0,69.5,United States,2017,27,A-,14.705882352941172,120.0,999.0,0.345958120077761,46.92489017464909,reported,93,181
DINO,121.30000305175781,9.970902042504049,0.0,2654332.0,2764322.222222222,16.010355901221107,0.48045214147596216,19.44583165373618,1258,97,B-,HF Sinclair Corporation Common Stock,Energy,Natural Gas Distribution,14982691569.0,83.11,United States,1960,28,A-,212.35294117647055,999.0,999.0,999.0,11.821036106750391,reported,94,191
KNTK,53.459999084472656,6.359670302817365,-2.976405508284541,1205166.0,1143620.634920635,-38.58937275030991,-1.7460039801574068,-3.155329141626658,1258,85,C,Kinetik Holdings Inc. Class A Common Stock,Utilities,Natural Gas Distribution,8207294866.0,50.55,United States,2022,28,A-,93.93939393939394,,21.12431789638034,,36.25222033191326,diluted,89,174
TRGP,286.70001220703125,6.636818813513552,-5.14474368667287,1208012.0,1196350.7936507936,-34.46257156385863,-0.6204645179853641,13.412210309916498,1258,88,B-,Targa Resources Inc. Common Stock,Utilities,Natural Gas Distribution,60443723085.0,281.6,United States,2010,28,A-,60.89108910891089,46.03174603174603,64.22762868962211,0.07105261240369842,4.225252928335015,reported,99,187
ADI,406.19000244140625,6.376215601086368,-8.541897014865995,3342216.0,3516331.746031746,-40.02482185472154,0.06405285894524049,-7.952892073903624,1258,86,C-,Analog Devices Inc. Common Stock,Technology,Semiconductors,191303434960.0,392.75,United States,,30,B+,68.2926829268293,67.027027027027,12.894816986436265,0.15372472509743004,39.63239858517096,reported,93,179
AMD,608.0999755859375,10.309988302066277,-6.362601769513942,21572558.0,23108582.53968254,-36.51935018554592,-2.026812083246099,41.488938942271126,1258,98,A-,Advanced Micro Devices Inc. Common Stock,Technology,Semiconductors,893781128255.0,548.13,United States,,30,B+,245.83333333333334,42.70833333333335,22.594737959695777,0.259649540067287,50.11060507482108,reported,94,192
ASX,46.43000030517578,10.837755173837804,-2.3143246420621266,6721398.0,7326522.222222222,-20.08954089610524,2.5850685528769235,14.538801479432479,1258,98,B-,ASE Technology Holding Co. Ltd. American Depositary Shares (each representing Two Common Shares),Technology,Semiconductors,89877635205.0,40.36,Taiwan,2018,30,B+,163.63636363636363,100.0,8.573720261269035,0.23534073643150905,26.74228855721393,reported,92,190
FORM,139.6699981689453,9.482733479361524,-12.668039413912869,1478888.0,1468473.0158730159,-45.0195011386934,1.8522520204848014,22.686749611385583,1258,97,B,FormFactor Inc. FormFactor Inc. Common Stock,Technology,Semiconductors,9068478627.0,116.33,United States,2003,30,B+,203.70370370370367,143.47826086956525,6.687126068634619,0.24641810537048203,31.892052012788692,reported,92,189
MRVL,275.2799987792969,10.962231195917125,-12.963978233794126,21788282.0,22352457.14285714,-30.938565968624786,0.24763024787586296,29.236382201147084,1258,98,B+,Marvell Technology Inc. Common Stock,Technology,Semiconductors,194805483132.0,222.44,United States,2000,30,B+,40.29850746268655,29.032258064516135,23.045466070465757,0.21235554387500827,36.54852699267235,reported,90,188
TSM,453.30999755859375,6.326657064327915,-6.687935580644999,9920816.0,11290317.46031746,-7.012689278785134,-1.021854794989352,27.618535286278448,1258,85,B+,Taiwan Semiconductor Manufacturing Company Ltd.,Technology,Semiconductors,2180354796593.0,420.39,Taiwan,1997,30,B+,74.49392712550605,64.62264150943396,29.812070532118607,0.06775839973181527,36.045332174551206,reported,98,183
PACS,43.29999923706055,7.662023886558501,-10.629517945886723,787170.0,808801.5873015873,-3.0196780873254836,-0.9833073626274946,2.28347651575299,627,93,C,PACS Group Inc. Common Stock,Health Care,Hospital/Nursing Management,7114343301.0,44.95,United States,2024,32,B+,51.61290322580644,194.11764705882348,7.5657815977574705,0.554337727019366,9.071091842876305,diluted,85,178
THC,263.7799987792969,6.672044181570056,-6.051213056658877,753254.0,955950.7936507936,-30.262567473919823,1.231911334708613,-2.4071961132372275,1258,88,C,Tenet Healthcare Corporation Common Stock,Health Care,Hospital/Nursing Management,15822505530.0,183.69,United States,,32,B+,52.23880597014927,10.550458715596328,18.577012490968812,0.16498440658290905,14.608233731739709,reported,87,175
WTTR,19.760000228881836,7.040354443058556,-10.929703207368814,1749252.0,1732507.9365079366,-24.047535746707737,0.8163257362146625,-1.0213840689825542,1258,91,C,Select Water Solutions Inc. Class A common stock,Energy,Oilfield Services/Equipment,2807102580.0,20.32,United States,2017,37,B+,60.0,30.769230769230777,999.0,0.6942693867231162,8.673997501475776,reported,93,184
APPN,40.099998474121094,7.575521300840064,-12.138477190216324,876474.0,868269.8412698413,-10.584911817121789,3.724776596980184,24.01821828644557,1258,93,B,Appian Corporation Class A Common Stock,Technology,Computer Software: Prepackaged Software,1848517182.0,25.18,United States,2017,40,B,107.69230769230771,,999.0,999.0,19.11392405063291,reported,90,183
BOX,36.38999938964844,6.50955418108409,0.0,2838390.0,2883563.492063492,-55.171769911816206,0.22031950793663935,10.956477484339139,1258,87,B-,Box Inc. Class A Common Stock,Technology,Computer Software: Prepackaged Software,4153494750.0,30.0,United States,2015,40,B,21.21212121212121,23.333333333333336,14.15184275515653,0.14509142460500235,9.23404501375855,reported,85,172
CRWD,275.0400085449219,10.359089770804573,-1.369854768451173,9899872.0,9621331.746031746,-28.73443212195067,4.573969937500522,10.79769250301529,1258,98,B-,CrowdStrike Holdings Inc. Class A Common Stock,Technology,Computer Software: Prepackaged Software,214577778074.0,210.73,United States,2019,40,B,34.782608695652165,55.55555555555558,58.77643946096811,0.11559344610428883,25.830401932671315,reported,97,195
DDOG,293.260009765625,9.067882370216635,0.0,4085748.0,4021079.365079365,-9.33361528904867,7.107385989867443,40.620177077233635,1258,96,A-,Datadog Inc. Class A Common Stock,Technology,Computer Software: Prepackaged Software,96369101968.0,270.73,United States,2019,40,B,41.30434782608695,30.43478260869564,55.84214263954532,0.06391915445695937,35.644443369297015,reported,98,194
DOCU,71.08000183105469,6.519782690334846,-2.8165129556800395,3168406.0,3192750.793650794,-29.00531055679102,-0.4899880619148367,14.035793869843557,1258,87,B-,DocuSign Inc. Common Stock,Technology,Computer Software: Prepackaged Software,9428844743.0,49.38,United States,1989,40,B,33.33333333333335,,999.0,,9.381291872960997,diluted,89,176
FROG,102.2300033569336,8.4150610595578,-1.730265734388825,1881244.0,1958500.0,-40.17256666333554,5.12082607396771,-7.169455510262342,1258,95,C-,JFrog Ltd. Ordinary Shares,Technology,Computer Software: Prepackaged Software,11042485237.0,91.17,United States,2020,40,B,50.000000000000014,35.0,61.688515549621606,0.10431616448076168,28.731331551642825,reported,97,192
MSFT,535.0700073242188,6.34483885279857,-0.4791913720805008,24938148.0,27570026.984126985,-25.882226699432533,2.3841913323325192,50.71264078105251,1258,85,A,Microsoft Corporation Common Stock,Technology,Computer Software: Prepackaged Software,2859427370611.0,384.93,United States,1986,40,B,29.863013698630148,23.410404624277444,16.73929960029883,0.04425161700128466,17.74702057796209,reported,93,178
NTNX,74.62999725341797,7.325959577786889,0.0,2608276.0,2589533.3333333335,-19.644240103424636,2.079054343286635,33.51610451804754,1258,92,B+,Nutanix Inc. Class A Common Stock,Technology,Computer Software: Prepackaged Software,14994678634.0,55.47,United States,2016,40,B,62.16216216216216,11.904761904761903,999.0,0.19459287335742284,15.891052203769668,reported,94,186
OKTA,232.1300048828125,11.993315185050694,0.0,3631888.0,3467780.9523809524,-31.47641116686417,5.413013852923454,41.91375994958712,1258,98,A-,Okta Inc. Class A Common Stock,Technology,Computer Software: Prepackaged Software,26874094776.0,154.62,United States,2017,40,B,15.384615384615385,5.813953488372099,999.0,0.09226424658099223,10.576923076923077,reported,92,190
PD,16.15999984741211,8.066837553138301,-1.162082749997695,1559878.0,1564768.253968254,-0.6140223786732069,2.278478812224005,27.482505521908234,1258,94,B+,PagerDuty Inc. Common Stock,Technology,Computer Software: Prepackaged Software,847576989.0,10.99,United States,2019,40,B,6.666666666666673,33.33333333333334,999.0,0.10390538672589482,0.8305580539822219,reported,94,188
PLTR,209.0500030517578,7.168475841908671,0.0,33810084.0,33427461.904761903,10.853318199386909,5.166517927119818,60.1374767927381,1258,91,A+,Palantir Technologies Inc. Class A Common Stock,Technology,Computer Software: Prepackaged Software,320568557564.0,133.72,United States,,40,B,214.92434134726167,,999.0,,92.8334945705726,diluted,97,188
SHOP,170.85000610351562,6.323234617620049,-4.558398220055082,9842644.0,9521557.142857144,-31.33857122131004,3.822319298881993,0.3680415652681163,1258,85,C,Shopify Inc. Class A Subordinate Voting Shares,Technology,Computer Software: Prepackaged Software,162857529622.0,125.68,Canada,,40,B,68.11594202898551,,999.0,,33.69402985074627,diluted,94,179
SNOW,368.8900146484375,8.914856135607181,0.0,4872408.0,4822025.396825396,64.71527014979041,7.422836693362589,31.91064519571617,1258,96,B+,Snowflake Inc. Common Stock,Technology,Computer Software: Prepackaged Software,95640804000.0,275.94,United States,2020,40,B,77.14285714285715,62.500000000000014,999.0,0.27734177427149964,35.094749290155455,reported,98,194
TENB,41.59000015258789,7.871081476423211,-2.4853489692089115,4173306.0,4128725.396825397,21.92971231920209,6.6136937761172465,52.193422828471846,1258,94,A,Tenable Holdings Inc. Common Stock,Technology,Computer Software: Prepackaged Software,4703099648.0,42.65,United States,2018,40,B,49.99999999999999,30.555555555555554,33.702963849331134,0.07824013585720492,8.578014112699407,reported,97,191
TWLO,289.4700012207031,9.75760706324073,-3.9167485057508555,3247990.0,2912685.714285714,-19.390145905621626,4.967912663749652,28.046920733697647,1258,97,B+,Twilio Inc. Class A Common Stock,Technology,Computer Software: Prepackaged Software,33060899924.0,217.83,United States,2016,40,B,23.529411764705884,31.578947368421062,226.8670588396061,0.07527421523019365,22.033416773510798,reported,97,194
U,46.880001068115234,7.541335549688895,-5.2354964396159716,11387040.0,10484260.317460317,-44.24187497365426,2.1573364385141236,23.487611152498182,1258,93,B,Unity Software Inc. Common Stock,Technology,Computer Software: Prepackaged Software,13859986155.0,31.75,United States,2020,40,B,55.55555555555558,-4.166666666666659,999.0,0.21028171725524514,23.931383577052866,reported,91,184
ZETA,33.09000015258789,8.363852560500113,-1.9265011663995968,7701792.0,7500930.158730159,-30.51617078207254,0.1816572071102307,35.74872770673682,1258,95,B+,Zeta Global Holdings Corp. Class A Common Stock,Technology,Computer Software: Prepackaged Software,5615774201.0,22.53,United States,2021,40,B,92.85714285714285,45.45454545454546,72.8027433577031,0.34000985457747146,43.5491923927351,reported,94,189
AYA,27.420000076293945,8.626929268628789,-9.743249395132514,1144068.0,1023063.4920634921,-13.632756094917431,4.179332804802582,-6.340529759113957,1258,95,C-,Aya Gold & Silver Inc. Common Shares,Basic Materials,Precious Metals,2872728970.0,20.04,Canada,,43,B,283.33333333333337,560.0,217.48021039363988,,150.66424964392075,diluted,97,192
FTNT,194.75,9.711773826041092,0.0,4281610.0,4589931.746031746,-51.663042640502056,2.9878337991123605,9.374663398876075,1258,97,B-,Fortinet Inc. Common Stock,Technology,Computer peripheral equipment,122227731071.0,166.83,United States,2009,47,B,40.625,41.37931034482759,34.60562428644713,0.09477273859351477,25.63803680981595,reported,96,193
PANW,418.7799987792969,9.342622204836653,-0.2691064449423797,6033498.0,6074942.857142857,-36.45145817567189,5.089083758920165,9.180668424250568,1258,97,B-,Palo Alto Networks Inc. Common Stock,Technology,Computer peripheral equipment,287605350000.0,352.89,United States,,47,B,7.368421052631585,6.249999999999992,30.03860737562325,0.06399264618193194,34.447817687182116,reported,85,182
MRX,71.91999816894531,7.878337929410038,-8.112940777395083,732718.0,721984.126984127,-17.48530812672815,1.0538148367232436,30.163909810324505,617,94,B+,Marex Group Limited Ordinary Shares,Finance,Investment Bankers/Brokers/Service,4869044734.0,65.68,United Kingdom,2024,49,B-,60.78431372549018,62.63736263736263,43.05887050658788,0.11591186362427733,33.95195263577365,reported,98,192
WT,22.610000610351562,7.214989830847964,-9.704473707382865,2712894.0,2594757.1428571427,-21.08058774135665,-0.30864062558343397,8.464623481583843,1258,91,B-,WisdomTree Inc. Common Stock,Finance,Investment Bankers/Brokers/Service,2986942945.0,19.53,United States,2022,49,B-,64.70588235294117,,34.24553701565609,,57.30636382202253,diluted,89,180
CHEF,114.31999969482422,8.04054648573035,-1.8038124954044776,653618.0,682365.0793650794,-46.023518324158765,2.621183239631275,17.755687803590234,1258,94,B-,The Chefs' Warehouse Inc. Common Stock,Consumer Discretionary,Food Distributors,4028421969.0,98.79,United States,2011,52,B-,50.0,60.00000000000001,999.0,0.35231220741707736,12.919724110209044,reported,96,190
SLDE,25.139999389648438,6.656305778600249,-5.060423624443622,1161692.0,1167441.2698412698,-16.24285955313457,-0.6324104831502697,33.1678671718736,330,88,B+,Slide Insurance Holdings Inc. Common Stock,Finance,Property-Casualty Insurers,2391997056.0,20.88,United States,2025,52,B-,89.28571428571428,37.76076627400346,166.01841828301974,,47.86186913958724,diluted,92,180
RELY,24.1299991607666,6.755267542311881,-10.364044976300912,3758944.0,3539874.603174603,-46.38121770369551,2.5935318500454274,0.4809420942206214,1258,89,C,Remitly Global Inc. Common Stock,Consumer Discretionary,Business Services,4952396578.0,23.52,United States,2021,58,C+,489.47368421052636,115.7894736842105,999.0,0.4893775282577183,20.22668337169663,reported,98,187
VCTR,112.44000244140625,7.525568185652972,-6.757323774638446,695462.0,651082.5396825396,0.5806212273280265,0.6444693992446071,6.865240406118293,1258,93,B-,Victory Capital Holdings Inc. Class A Common Stock,Finance,Investment Managers,6109289056.0,97.7,United States,2018,58,C+,40.764331210191074,33.8235294117647,11.178232402599765,0.0627452406014145,23.959602747058756,reported,93,186
XMTR,111.06999969482422,8.932448031599522,0.0,707928.0,750382.5396825396,-31.560836695257144,4.310665095026733,44.05249424796004,1258,96,A-,Xometry Inc. Class A Common Stock,Consumer Discretionary,Business Services,5109973226.0,97.15,United States,2021,58,C+,77.77777777777779,499.9999999999999,999.0,999.0,41.054587288599606,reported,92,188
GCT,57.2599983215332,7.839576958071563,0.0,667344.0,656788.8888888889,13.105085233402857,1.4888340656668886,26.802388314079078,1040,94,B+,GigaCloud Technology Inc Class A Ordinary Shares,Consumer Discretionary,Catalog/Specialty Distribution,1302277075.0,35.4,United States,2022,67,C,1.7543859649122824,49.397590361445786,59.647211202870665,0.1483005579792922,27.599300694965372,reported,90,184
PWR,705.9400024414062,6.692619263005304,-10.069694091650039,974880.0,1017979.3650793651,-29.683653372722794,3.0073081344196506,-1.820672612775257,1258,88,C,Quanta Services Inc. Common Stock,Industrials,Engineering & Construction,99180754880.0,660.94,United States,,67,C,70.96774193548389,50.56179775280899,24.351333598039382,0.20627890171367766,41.10419493143887,reported,94,182
LTH,40.619998931884766,6.4161131568309795,-11.17428528647142,3090326.0,3009380.9523809524,-5.731628313647164,0.8440917648752322,-22.08798230611501,1257,86,D,Life Time Group Holdings Inc. Common Stock,Consumer Discretionary,Hotels/Resorts,9253595819.0,41.57,United States,2021,74,C,29.729729729729726,7.6923076923076845,999.0,0.1521100902282483,13.727019747356753,reported,92,178
PK,15.170000076293945,6.536383274639829,-4.653356053157099,3796774.0,3805312.698412698,-12.062187530782708,-0.2629846269080027,-3.598577702918026,1258,87,C,Park Hotels & Resorts Inc. Common Stock,Consumer Discretionary,Hotels/Resorts,2915719371.0,14.48,United States,2016,74,C,999.0,450.0,999.0,999.0,1.1904761904761905,reported,95,182
CXW,32.93000030517578,7.175554960741421,-7.343839457278289,1957562.0,1747268.253968254,-24.36510312317055,0.6725809442396535,6.953483289978458,1258,91,B-,CoreCivic Inc. Common Stock,Real Estate,Real Estate Investment Trusts,3101142106.0,31.36,United States,,75,C,5.555555555555561,73.91304347826087,21.36088255716122,0.20572570402956958,27.26896026311633,reported,86,177
MGNI,25.399999618530273,7.4698362991196365,-1.0518132331951757,2489416.0,2402168.253968254,-39.05397892517763,-0.1964681450304373,55.11356528302501,1258,92,A,Magnite Inc. Common Stock,Technology,Computer Software: Programming Data Processing,2892943061.0,20.2,United States,,80,C-,62.5,,999.0,,11.24489419149378,diluted,93,185
WCC,365.69000244140625,6.437170189068839,-4.79054233953482,521102.0,581574.6031746032,61.96445225694778,2.7421150131945904,1.9682936998766183,1258,86,C,WESCO International Inc. Common Stock,Consumer Discretionary,Telecommunications Equipment,16566481965.0,340.14,United States,1999,84,C-,34.80825958702065,52.488687782805435,17.034511249067474,0.20938323935426917,12.975455963116145,reported,90,176
ZD,56.52000045776367,6.563027167220662,-4.543149245571287,634266.0,612687.3015873015,-48.49164230780146,1.091040264740406,20.689248301966742,1258,87,B,Ziff Davis Inc. Common Stock,Telecommunications,Telecommunications Equipment,1913230676.0,51.94,United States,,84,C-,2623.809523809524,,-5.437347882046051,,-2.735725213108415,diluted,89,176
CAKE,108.44999694824219,8.498434909433472,-7.536877737473768,1540942.0,1609869.8412698412,-26.17502800235181,1.4404576123671076,11.730082271457977,1258,95,B-,Cheesecake Factory Incorporated (The) Common Stock,Consumer Discretionary,Restaurants,3996690600.0,80.44,United States,1992,89,D+,24.13793103448276,12.903225806451612,64.1396874528545,0.2545185193328839,7.721915622629666,reported,86,181
ASML,1780.3399658203125,6.586124773064844,-10.394759493506012,1289500.0,1488544.4444444445,-6.653741760372234,0.5961117717331543,-6.575011344295581,1258,88,C-,ASML Holding N.V. New York Registry Shares,Technology,Industrial Machinery/Components,684363022681.0,1775.64,Netherlands,1995,91,D+,28.474576271186436,19.166666666666675,19.14270746800517,0.1665833807738716,21.254079072246707,reported,87,175
IMAX,50.79999923706055,7.068733335183187,-9.817153229605358,1127398.0,1273487.3015873015,-39.47124263126243,-0.9939624295078442,6.281850069891852,1258,91,B-,Imax Corporation Common Stock,Consumer Discretionary,Industrial Machinery/Components,2111375724.0,38.49,Canada,,91,D+,65.38461538461537,30.769230769230777,999.0,0.4393086848921601,12.170062388202957,reported,94,185
KEYS,382.75,7.641620883039896,-1.3607192216857467,1225910.0,1234776.1904761905,-26.625935019699654,2.15656078220523,18.749559758434334,1258,93,B-,Keysight Technologies Inc. Common Stock,Industrials,Industrial Machinery/Components,55665748219.0,325.73,United States,2014,91,D+,78.48837209302324,68.82352941176471,10.690431866077809,0.15122137243673392,36.53846153846153,reported,93,186
NVT,167.42999267578125,6.75286460483278,-9.0529839879691,2223326.0,2197784.126984127,-25.18865879317743,1.967110711066078,-5.280321383078105,1258,89,C-,nVent Electric plc Ordinary Shares,Industrials,Industrial Machinery/Components,26163134725.0,161.78,United Kingdom,2018,91,D+,68.6046511627907,62.68656716417911,19.16868208837583,0.18536815393807243,52.76710621949954,reported,94,183
ATRC,55.810001373291016,8.091344558912816,-8.161920432960923,1121210.0,1096266.6666666667,-36.45258247785874,5.620744156181967,17.656289602320815,1258,94,B-,AtriCure Inc. Common Stock,Health Care,Medical/Dental Instruments,1737998090.0,34.32,United States,2005,96,D,999.0,999.0,999.0,999.0,12.828799976494611,reported,96,190
SN,184.97999572753906,7.600147680425234,-4.085867913447238,1814560.0,1735979.365079365,-50.66572612644388,0.059501602886857796,-12.470647369648484,803,93,D+,SharkNinja Inc. Ordinary Shares,Consumer Discretionary,Consumer Electronics/Appliances,21212489608.0,149.89,United States,2023,104,D,29.89690721649485,25.287356321839088,25.66761606227739,0.22065347427319545,22.188755298032493,reported,88,181
DELL,586.0599975585938,14.658987617714727,-0.3976931948293183,7718146.0,7518863.492063492,-28.73418046251004,2.003308678125415,15.288145077617791,1258,99,B-,Dell Technologies Inc. Class C Common Stock,Technology,Computer Manufacturing,296535330202.0,457.54,United States,2018,106,D-,203.44827586206898,213.5483870967742,15.096156983490028,0.2815469572306885,57.747850617947336,reported,95,194
ETON,55.209999084472656,11.03146154494562,-14.310105815663743,610984.0,616649.2063492064,-39.261911932227356,0.8401809762057733,13.094303129424034,1258,98,B-,Eton Pharmaceuticals Inc. Common Stock,Health Care,Biotechnology: Pharmaceutical Preparations,1027487349.0,37.51,United States,2018,109,D-,1333.3333333333335,999.0,999.0,999.0,98.58939137785292,reported,97,195
KNSA,79.77999877929688,8.30717438757842,-1.4087980912559361,513800.0,573338.0952380953,-16.25145971195018,1.3079349578372979,21.752959097941684,1258,95,B,Kiniksa Pharmaceuticals International plc Class A Ordinary Shares,Health Care,Biotechnology: Pharmaceutical Preparations,4768618232.0,61.98,United States,2018,109,D-,30.43478260869564,145.45454545454547,999.0,999.0,55.3601153083286,reported,87,182
OMER,19.829999923706055,11.67932030798399,-5.795721413645305,1790586.0,1740938.0952380951,-55.662559631316235,3.7133841700245585,23.76170071133008,1258,98,B,Omeros Corporation Common Stock,Health Care,Biotechnology: Pharmaceutical Preparations,759941228.0,10.5,United States,2009,109,D-,999.0,999.0,999.0,999.0,999.0,reported,96,194
PTGX,143.72999572753906,7.660782420961139,-9.387214631199425,634804.0,619623.8095238095,20.0685565938463,2.730320895891891,-5.782935066050289,1258,93,C-,Protagonist Therapeutics Inc. Common Stock,Health Care,Biotechnology: Pharmaceutical Preparations,8442153934.0,131.27,United States,2016,109,D-,999.0,999.0,999.0,999.0,3749.170573386224,reported,96,189
SCCO,209.2100067138672,6.601688157445549,-4.774688384199788,1068598.46,1111037.3333333333,-22.122290911779896,5.310582330251923,-9.671851957871072,1258,88,C-,Southern Copper Corporation Common Stock,Basic Materials,Metal Mining,152164832924.0,182.38,United States,,110,D-,68.90756302521007,66.95652173913044,15.03926077243618,0.139378253442344,40.57686004588659,reported,95,183
FIGS,15.779999732971191,7.889949091105791,-7.827108881860367,3095908.0,3007987.301587302,21.373115738581383,5.3404553750435735,31.12610529145139,1258,94,B+,FIGS Inc. Class A Common Stock,Consumer Discretionary,Apparel,1623699299.0,9.72,United States,2021,116,E+,274.99999999999994,,19.983162620797668,,28.812237945492665,diluted,92,186
FIVN,36.400001525878906,8.975805053897602,-5.82147454378098,2581350.0,2588530.1587301586,-49.62325914734538,3.556187612338224,26.573051884488486,1258,96,B+,Five9 Inc. Common Stock,Technology,EDP Services,1958506813.0,25.58,United States,2014,116,E+,300.0,,999.0,,10.299397392584433,diluted,98,194
PAYS,15.369999885559082,12.192333797264373,0.0,823598.0,764779.3650793651,-4.467956454483857,2.74064068426898,36.21436801485743,1258,98,B+,Paysign Inc. Common Stock,Technology,EDP Services,486380225.0,8.7,United States,,116,E+,400.0,0.0,999.0,0.7083599453259725,48.08443370347535,reported,90,188
RNG,79.2699966430664,11.845258891223894,-0.6890541892516144,1568520.0,1843452.380952381,-41.5181189911509,1.1742159372845284,39.91435710166286,1258,98,A-,RingCentral Inc. Class A Common Stock,Technology,EDP Services,3463360345.0,41.3,United States,2013,116,E+,15.0943396226415,19.999999999999996,32.92028318917761,0.017615474794691142,5.901534176448022,reported,93,191
DAR,60.2599983215332,6.4099933468558685,-11.823234488348255,2425586.0,2368614.285714286,11.197871359745637,-3.196789844926584,-6.710081480602578,1258,86,C-,Darling Ingredients Inc. Common Stock,Consumer Staples,Packaged Foods,9826478854.0,61.83,United States,1997,120,E+,1364.7058823529412,999.0,6.290876950838342,999.0,16.372396420428238,reported,85,171
ROKU,152.85000610351562,6.572998668681931,-4.325230746690245,2160598.0,2223068.253968254,-70.91083116803773,-0.6241411288706478,-18.149294121679354,1258,87,D,Roku Inc. Class A Common Stock,Telecommunications,Cable & Other Pay Television Services,20921449010.0,141.76,United States,2017,127,E,1614.2857142857138,999.0,8.447177119769854,999.0,21.930123002093538,reported,87,174
AUGO,91.26000213623047,8.667017302306382,-14.729679684656894,1018790.0,957284.126984127,23.646678903405018,10.631597162778949,23.30206078275417,312,96,B,Aura Minerals Inc. Common Shares,,,4781850957.0,57.07,United States,,,,2236.3636363636365,999.0,999.0,999.0,76.41989959881535,diluted,97,193
